sr._no.,work_category,work,state,ida,hon'ble_members_of_parliament,constituency,work_description,recommended_date_x,sanction_date,sanction_amount__₹_,work_status,project_id,recommended_date_y,recommended_amount____₹_,completion_date,amount_disbursed__₹_,total_expenditure,payment_count,latest_payment_date,completed_flag,fund_utilization,expenditure_ratio,project_age_days,over_budget,missing_completion,anomaly_prediction,cost_anomaly_flag,anomaly_score,anomaly_reason
18,Normal/Others,"WS/MP577/2025-2026/133549-Construction of roads, link roads, pathways or any other road with or without drainage system",Gujarat,Dahod(DISTRICT COLLECTOR DOHAD_IDA),Jaswantsinh Sumanbhai Bhabhor,DAHOD(ST),khnagela game mota faliya ma c.c.road nu kam,17-Jul-2024,2025-04-11,250000.0,Physical Inspection,WS/MP577/2025-2026/133549,17-Jul-2024,250000.0,2026-02-21,250000.0,250000.0,1.0,2026-02-21,1,1.0,1.0,515.0,0,0,1,0,0.202799643464388,Detected by Isolation Forest pattern analysis
20,Normal/Others,"WS/MP577/2025-2026/133551-Construction of roads, link roads, pathways or any other road with or without drainage system",Gujarat,Dahod(DISTRICT COLLECTOR DOHAD_IDA),Jaswantsinh Sumanbhai Bhabhor,DAHOD(ST),khangela game dharmesh na ghar taraf jata rasta par c.c.road nu kam,17-Jul-2024,2025-10-17,242105.0,Physical Inspection,WS/MP577/2025-2026/133551,17-Jul-2024,242105.0,2026-02-21,242105.0,242105.0,1.0,2026-02-21,1,1.0,1.0,326.0,0,0,1,0,0.15957055793328795,Detected by Isolation Forest pattern analysis
31,Normal/Others,"WS/MP577/2025-2026/133563-Construction of roads, link roads, pathways or any other road with or without drainage system",Gujarat,Dahod(DISTRICT COLLECTOR DOHAD_IDA),Jaswantsinh Sumanbhai Bhabhor,DAHOD(ST),chandawada game toranvali mahudi faliya ma c.c.road nu kam,17-Jul-2024,2025-10-07,245697.0,Physical Inspection,WS/MP577/2025-2026/133563,17-Jul-2024,245697.0,2026-09-01,245356.0,245356.0,1.0,2026-08-29,1,0.9986121116659952,0.9986121116659952,336.0,0,0,1,0,0.1445215363212829,Detected by Isolation Forest pattern analysis
33,Normal/Others,"WS/MP577/2025-2026/133565-Construction of roads, link roads, pathways or any other road with or without drainage system",Gujarat,Dahod(DISTRICT COLLECTOR DOHAD_IDA),Jaswantsinh Sumanbhai Bhabhor,DAHOD(ST),simaliya khurd  game gamtal thi majubhai na ghar sudhi c.c.road nu kam,17-Jul-2024,2025-04-11,250000.0,Physical Inspection,WS/MP577/2025-2026/133565,17-Jul-2024,250000.0,2026-02-06,250000.0,250000.0,1.0,2026-02-06,1,1.0,1.0,515.0,0,0,1,0,0.202799643464388,Detected by Isolation Forest pattern analysis
35,Normal/Others,"WS/MP577/2025-2026/133567-Construction of roads, link roads, pathways or any other road with or without drainage system",Gujarat,Dahod(DISTRICT COLLECTOR DOHAD_IDA),Jaswantsinh Sumanbhai Bhabhor,DAHOD(ST),bhutodi game mohaniya  faliya ma c.c.road nu kam,17-Jul-2024,2025-10-17,245098.0,Physical Inspection,WS/MP577/2025-2026/133567,17-Jul-2024,245098.0,2026-05-06,245098.0,245098.0,1.0,2026-05-06,1,1.0,1.0,326.0,0,0,1,0,0.15957055793328795,Detected by Isolation Forest pattern analysis
37,Normal/Others,"WS/MP577/2025-2026/133569-Construction of roads, link roads, pathways or any other road with or without drainage system",Gujarat,Dahod(DISTRICT COLLECTOR DOHAD_IDA),Jaswantsinh Sumanbhai Bhabhor,DAHOD(ST),khangela game paka rasta thi dineshbai gundiya  na ghar sudhi c.c.road nu kam,17-Jul-2024,2025-04-11,250000.0,Physical Inspection,WS/MP577/2025-2026/133569,17-Jul-2024,250000.0,2026-02-21,250000.0,250000.0,1.0,2026-02-21,1,1.0,1.0,515.0,0,0,1,0,0.202799643464388,Detected by Isolation Forest pattern analysis
47,Normal/Others,"WS/MP577/2025-2026/133579-Construction of roads, link roads, pathways or any other road with or without drainage system",Gujarat,Dahod(DISTRICT COLLECTOR DOHAD_IDA),Jaswantsinh Sumanbhai Bhabhor,DAHOD(ST),bhutardi game bhuriya faliya ma c.c.road nu kam,17-Jul-2024,2025-10-04,247496.0,Physical Inspection,WS/MP577/2025-2026/133579,17-Jul-2024,247496.0,,,247496.0,1.0,2026-08-11,0,1.0,1.0,339.0,0,1,1,0,0.15992165639493078,Detected by Isolation Forest pattern analysis
52,Normal/Others,"WS/MP577/2024-2025/133584-Construction of roads, link roads, pathways or any other road with or without drainage system",Gujarat,Dahod(DISTRICT COLLECTOR DOHAD_IDA),Jaswantsinh Sumanbhai Bhabhor,DAHOD(ST),vajelav game sarpanch faliya ma c.c.road nu kam,17-Jul-2024,2025-03-27,249291.0,Physical Inspection,WS/MP577/2024-2025/133584,17-Jul-2024,249291.0,2026-08-22,249291.0,249291.0,1.0,2026-07-03,1,1.0,1.0,530.0,0,0,1,0,0.20374572320032458,Detected by Isolation Forest pattern analysis
53,Normal/Others,"WS/MP577/2024-2025/133585-Construction of roads, link roads, pathways or any other road with or without drainage system",Gujarat,Dahod(DISTRICT COLLECTOR DOHAD_IDA),Jaswantsinh Sumanbhai Bhabhor,DAHOD(ST),matwa game navi vsahat thi badarbhai plas na ghar sudhi c.c.road nu kam,17-Jul-2024,2025-03-27,250000.0,Physical Inspection,WS/MP577/2024-2025/133585,17-Jul-2024,250000.0,2026-08-22,249291.0,249291.0,1.0,2026-06-24,1,0.997164,0.997164,530.0,0,0,1,0,0.1832537446265548,Detected by Isolation Forest pattern analysis
56,Normal/Others,"WS/MP577/2024-2025/133588-Construction of roads, link roads, pathways or any other road with or without drainage system",Gujarat,Dahod(DISTRICT COLLECTOR DOHAD_IDA),Jaswantsinh Sumanbhai Bhabhor,DAHOD(ST),rayan panchayat limbu faliya thi lilva talavne jodto c.c.road nu kam,17-Jul-2024,2025-03-27,250000.0,Physical Inspection,WS/MP577/2024-2025/133588,17-Jul-2024,250000.0,2026-08-23,249291.0,249291.0,1.0,2026-07-02,1,0.997164,0.997164,530.0,0,0,1,0,0.1832537446265548,Detected by Isolation Forest pattern analysis
59,Normal/Others,"WS/MP577/2025-2026/133591-Construction of roads, link roads, pathways or any other road with or without drainage system",Gujarat,Dahod(DISTRICT COLLECTOR DOHAD_IDA),Jaswantsinh Sumanbhai Bhabhor,DAHOD(ST),abhlod game umriya umariya faliya thi pranmji mandir par c.c.road nu kam,17-Jul-2024,2026-01-12,250000.0,Physical Inspection,WS/MP577/2025-2026/133591,17-Jul-2024,250000.0,2026-08-21,248443.0,248443.0,1.0,2026-07-02,1,0.993772,0.993772,239.0,0,0,1,0,0.1173261247671622,Detected by Isolation Forest pattern analysis
65,Normal/Others,"WS/MP577/2024-2025/133597-Construction of roads, link roads, pathways or any other road with or without drainage system",Gujarat,Dahod(DISTRICT COLLECTOR DOHAD_IDA),Jaswantsinh Sumanbhai Bhabhor,DAHOD(ST),nimach game nichvas faliya ma c.c.road nu kam,17-Jul-2024,2025-03-27,249291.0,Physical Inspection,WS/MP577/2024-2025/133597,17-Jul-2024,249291.0,,,249291.0,1.0,2026-08-20,0,1.0,1.0,530.0,0,1,1,0,0.20374572320032458,Detected by Isolation Forest pattern analysis
68,Normal/Others,"WS/MP577/2024-2025/133600-Construction of roads, link roads, pathways or any other road with or without drainage system",Gujarat,Dahod(DISTRICT COLLECTOR DOHAD_IDA),Jaswantsinh Sumanbhai Bhabhor,DAHOD(ST),sahada game nishal faliya thi khaped faliya ne jodto c.c.road nu kam,17-Jul-2024,2025-03-27,249291.0,Physical Inspection,WS/MP577/2024-2025/133600,17-Jul-2024,249291.0,2026-08-21,249291.0,249291.0,1.0,2026-07-03,1,1.0,1.0,530.0,0,0,1,0,0.20374572320032458,Detected by Isolation Forest pattern analysis
69,Normal/Others,"WS/MP577/2024-2025/133601-Construction of roads, link roads, pathways or any other road with or without drainage system",Gujarat,Dahod(DISTRICT COLLECTOR DOHAD_IDA),Jaswantsinh Sumanbhai Bhabhor,DAHOD(ST),nava faliya thi bamniya sudhi c.c.road nu kam,17-Jul-2024,2025-03-27,249291.0,Physical Inspection,WS/MP577/2024-2025/133601,17-Jul-2024,249291.0,2026-08-23,249291.0,249291.0,1.0,2026-07-01,1,1.0,1.0,530.0,0,0,1,0,0.20374572320032458,Detected by Isolation Forest pattern analysis
70,Normal/Others,WS/MP577/2025-2026/133602-Construction of public irrigation facilities,Gujarat,Dahod(DISTRICT COLLECTOR DOHAD_IDA),Jaswantsinh Sumanbhai Bhabhor,DAHOD(ST),nadhelav game burva  faliyama sarvjanik kuva nu kam,17-Jul-2024,2026-01-12,250000.0,Physical Inspection,WS/MP577/2025-2026/133602,17-Jul-2024,250000.0,,,250000.0,1.0,2026-08-20,0,1.0,1.0,239.0,0,1,1,0,0.16189691291430192,Detected by Isolation Forest pattern analysis
179,Normal/Others,WS/MP18067/2025-2026/134321-Construction of water tanks,Haryana,SONIPAT(DEPUTY COMMISSIONER SONEPAT_IDA),SATPAL BRAHAMCHARI,SONEPAT,one Tractor ambulance purchase in Gaushala Panchyati Land village kheri gujjar,15-Mar-2025,2026-02-17,545000.0,Work partially Completed,WS/MP18067/2025-2026/134321,15-Mar-2025,545000.0,,,475750.0,1.0,2026-07-02,0,0.8729357798165137,0.8729357798165137,203.0,0,1,1,0,0.02416920978947379,Detected by Isolation Forest pattern analysis
239,Normal/Others,WS/MP18065/2025-2026/134736-Construction of buildings for multi-gym,Haryana,JHAJJAR(DEPUTY COMMISSIONER cum NODAL OFFICER MPLADS JHAJJAR),DEEPENDER SINGH HOODA,ROHTAK,Const. of Kabaddi Hall near Shiv Mandir,05-Aug-2024,2025-09-01,1000000.0,Physical Inspection,WS/MP18065/2025-2026/134736,05-Aug-2024,1000000.0,,,730401.0,2.0,2026-07-26,0,0.730401,0.730401,372.0,0,1,-1,1,-0.01466917639308618,Detected by Isolation Forest pattern analysis
241,Normal/Others,WS/MP18065/2024-2025/134739-Construction of community centers and community halls,Haryana,JHAJJAR(DEPUTY COMMISSIONER cum NODAL OFFICER MPLADS JHAJJAR),DEEPENDER SINGH HOODA,ROHTAK,Comp. of Jogi wali Choupal,05-Aug-2024,2024-12-09,500000.0,Physical Inspection,WS/MP18065/2024-2025/134739,05-Aug-2024,500000.0,2026-02-09,438977.0,438977.0,1.0,2026-03-25,1,0.877954,0.877954,638.0,0,0,1,0,0.06527401855575055,Detected by Isolation Forest pattern analysis
242,Normal/Others,WS/MP18065/2025-2026/134740-Construction of community centers and community halls,Haryana,ROHTAK(DEPUTY COMMISSIONER ROHTAK_IDA),DEEPENDER SINGH HOODA,ROHTAK,Const. of Hall near Gorakh Nath Mandir on Panchayat land,05-Aug-2024,2025-08-04,1100000.0,Work Completed,WS/MP18065/2025-2026/134740,05-Aug-2024,1100000.0,2026-03-13,947837.0,947837.0,1.0,2026-03-13,1,0.86167,0.86167,400.0,0,0,1,0,0.04320476116090732,Detected by Isolation Forest pattern analysis
286,Normal/Others,WS/MP345/2024-2025/135013-Construction of buildings for community cultural activities,Kerala,KOLLAM(DISTRICT COLLECTOR KOLLAM_IDA),Shri NK Premachandran,KOLLAM,"Construction of Building for Kadamancode ST Gothra Kalalaya Samskarika Granthasala, Kadamancodu ward 12 in Kulathupuzha GP in Punalur Constituency",08-Aug-2024,2025-03-13,2500000.0,Work partially Completed,WS/MP345/2024-2025/135013,08-Aug-2024,2500000.0,,,1325973.0,1.0,2026-09-01,0,0.5303892,0.5303892,544.0,0,1,1,0,0.07188257713049395,Detected by Isolation Forest pattern analysis
401,Repair and Renovation,WS/MP826/2024-2025/135523-Construction of community centers and community halls,West Bengal,DARJEELING(DISTRICT MAGISTRATE DARJEELING_IDA),Raju Bista,DARJEELING,"Renovation of Community Hall at Amar Gram Bhaktay Busty, Sansad III, PO-Rajbari  Ref: Premendra Sampang Rai (9563149615), Member, Darjeeling-I GP",16-Aug-2024,2025-03-05,500000.0,Physical Inspection,WS/MP826/2024-2025/135523,16-Aug-2024,500000.0,,,497351.0,1.0,2026-07-26,0,0.994702,0.994702,552.0,0,1,1,0,0.16475581647704762,Detected by Isolation Forest pattern analysis
406,Normal/Others,WS/MP826/2024-2025/135528-Development of playground,West Bengal,KALIMPONG(District Magistrate Kalimpong_IDA),Raju Bista,DARJEELING,"Construction of gallery at Chunabhatti, Pabringtar Bakrakote  Ref: Shanti Khawas Mukhia (7501515888), Member, Pabringtar GP",16-Aug-2024,2025-01-15,499834.0,Work Completed,WS/MP826/2024-2025/135528,16-Aug-2024,499834.0,2026-02-18,460889.0,460889.0,1.0,2026-02-18,1,0.9220841319318014,0.9220841319318014,601.0,0,0,1,0,0.0750379213522826,Detected by Isolation Forest pattern analysis
413,Normal/Others,WS/MP431/2024-2025/135540-Retrofitting in essential lifeline buildings,Haryana,HISAR(DEPUTY COMMISSIONER HISSAR_IDA),Rao Inderjit Singh,GURGAON,Installation of AC unit plant for Litigant Main Hall in Distt. Court Hisar,13-Aug-2024,2025-01-30,1100000.0,Work Completed,WS/MP431/2024-2025/135540,,,2026-02-19,1019947.0,1019947.0,1.0,2026-02-19,1,0.9272245454545456,,586.0,0,0,1,0,0.18998533388494404,Detected by Isolation Forest pattern analysis
478,Normal/Others,WS/MP826/2025-2026/135686-Construction of additional rooms and halls in the existing public and community building,West Bengal,DARJEELING(DISTRICT MAGISTRATE DARJEELING_IDA),Raju Bista,DARJEELING,"Construction of additional rooms at community Samaj GHar  Ref: Sailendra Dewan (9635124527), Member Lamahatta GP",16-Aug-2024,2025-04-23,495649.0,Physical Inspection,WS/MP826/2025-2026/135686,16-Aug-2024,495649.0,2026-02-18,495649.0,495649.0,1.0,2026-02-18,1,1.0,1.0,503.0,0,0,1,0,0.19436277524029943,Detected by Isolation Forest pattern analysis
481,Normal/Others,"WS/MP826/2024-2025/135689-Construction of roads, link roads, pathways or any other road with or without drainage system",West Bengal,DARJEELING(DISTRICT MAGISTRATE DARJEELING_IDA),Raju Bista,DARJEELING,"COnstruction of Road with drainage systems at Sukna Part-II, near Sukna Community Hall  Ref: Hemawati Tamang (8759964663) & Surjamani Brahman (7719232082), Members Sukna GP",16-Aug-2024,2025-03-12,858881.0,Physical Inspection,WS/MP826/2024-2025/135689,16-Aug-2024,858881.0,2026-08-19,858881.0,858881.0,1.0,2026-06-18,1,1.0,1.0,545.0,0,0,1,0,0.20399236917431823,Detected by Isolation Forest pattern analysis
534,Normal/Others,WS/MP18065/2025-2026/135808-Construction of buildings for sports facilities,Haryana,ROHTAK(DEPUTY COMMISSIONER ROHTAK_IDA),DEEPENDER SINGH HOODA,ROHTAK,Development works in Sakshi Malik Gym Hall,16-Aug-2024,2025-08-04,500000.0,Vendor Identification,WS/MP18065/2025-2026/135808,16-Aug-2024,500000.0,,,498512.0,2.0,2026-06-18,0,0.997024,0.997024,400.0,0,1,1,0,0.05799168175457614,Detected by Isolation Forest pattern analysis
554,Normal/Others,WS/MP352/2025-2026/135862-Construction of buildings for crèches and anganwadies,Kerala,ERNAKULAM(DISTRICT COLLECTOR ERNAKULAM_IDA),Shri Hibi Eden,ERNAKULAM,"Construction of Smart Anganwadi at Ward 21, Chellanam Grama Panchayath",16-Aug-2024,2025-09-23,2362903.0,Physical Inspection,WS/MP352/2025-2026/135862,16-Aug-2024,2362903.0,2026-07-14,2362903.0,156350.0,3.0,2026-03-27,1,0.0661686070058737,0.0661686070058737,350.0,0,0,-1,1,-0.03424670492980719,Detected by Isolation Forest pattern analysis
629,Normal/Others,WS/MP394/2024-2025/136033-Construction of buildings for crèches and anganwadies,Tamil Nadu,KANNIYAKUMARI(DISTRICT COLLECTOR KANNIYAKUMARI_IDA),Shri vijayakumar Vasanth,KANNIYAKUMARI,chennanvilai,17-Aug-2024,2024-09-24,1287207.0,Physical Inspection,WS/MP394/2024-2025/136033,17-Aug-2024,1287207.0,2026-01-20,1287207.0,1287207.0,1.0,2026-01-20,1,1.0,1.0,714.0,0,0,1,0,0.13847941893313293,Project age unusually high
631,Normal/Others,WS/MP394/2024-2025/136036-Construction of bus-sheds or bus-stops,Tamil Nadu,KANNIYAKUMARI(DISTRICT COLLECTOR KANNIYAKUMARI_IDA),Shri vijayakumar Vasanth,KANNIYAKUMARI,kurusadi,17-Aug-2024,2024-09-24,369433.0,Physical Inspection,WS/MP394/2024-2025/136036,17-Aug-2024,369433.0,2026-01-21,369433.0,369433.0,1.0,2026-01-21,1,1.0,1.0,714.0,0,0,1,0,0.13847941893313293,Project age unusually high
632,Normal/Others,WS/MP394/2024-2025/136037-Construction of culverts and bridges,Tamil Nadu,KANNIYAKUMARI(DISTRICT COLLECTOR KANNIYAKUMARI_IDA),Shri vijayakumar Vasanth,KANNIYAKUMARI,konam aatru paalam,17-Aug-2024,2024-09-24,1000000.0,Physical Inspection,WS/MP394/2024-2025/136037,17-Aug-2024,1000000.0,2025-12-31,1000000.0,1000000.0,1.0,2025-12-31,1,1.0,1.0,714.0,0,0,1,0,0.13847941893313293,Project age unusually high
633,Normal/Others,WS/MP394/2025-2026/136038-Construction of community centers and community halls,Tamil Nadu,KANNIYAKUMARI(DISTRICT COLLECTOR KANNIYAKUMARI_IDA),Shri vijayakumar Vasanth,KANNIYAKUMARI,ooratchi vilagam pal nokku kattidam,17-Aug-2024,2026-03-03,1000000.0,Physical Inspection,WS/MP394/2025-2026/136038,17-Aug-2024,1000000.0,,,958811.0,1.0,2026-03-12,0,0.958811,0.958811,189.0,0,1,1,0,0.0568361113585385,Detected by Isolation Forest pattern analysis
711,Normal/Others,WS/MP334/2024-2025/136572-Lighting of public spaces,Jharkhand,GIRIDIH(Deputy Commissioner Giridh_IDA),Shri Chandra Prakash Choudhary,GIRIDIH,construction of mask light in chalmo chowk of berha suiyadih village of berha suiyadih panchayat.,21-Aug-2024,2025-01-08,150000.0,Vendor Identification,WS/MP334/2024-2025/136572,21-Aug-2024,150000.0,,,149709.0,1.0,2026-06-29,0,0.99806,0.99806,608.0,0,1,1,0,0.2103994486559475,Detected by Isolation Forest pattern analysis
715,Normal/Others,WS/MP334/2024-2025/136582-Lighting of public spaces,Jharkhand,GIRIDIH(Deputy Commissioner Giridh_IDA),Shri Chandra Prakash Choudhary,GIRIDIH,construction of mask light near chegro panchayat bhavan of chegro village of chegro panchayat.,21-Aug-2024,2025-01-08,150000.0,Vendor Identification,WS/MP334/2024-2025/136582,21-Aug-2024,150000.0,,,149711.0,1.0,2026-06-29,0,0.9980733333333334,0.9980733333333334,608.0,0,1,1,0,0.2099972843462385,Detected by Isolation Forest pattern analysis
716,Normal/Others,WS/MP334/2024-2025/136583-Lighting of public spaces,Jharkhand,GIRIDIH(Deputy Commissioner Giridh_IDA),Shri Chandra Prakash Choudhary,GIRIDIH,construction of mask light near dhawatand chowk of dhawatand village of chachando panchayat.,21-Aug-2024,2025-01-08,150000.0,Vendor Identification,WS/MP334/2024-2025/136583,21-Aug-2024,150000.0,,,149709.0,1.0,2026-07-02,0,0.99806,0.99806,608.0,0,1,1,0,0.2103994486559475,Detected by Isolation Forest pattern analysis
717,Normal/Others,WS/MP334/2024-2025/136584-Lighting of public spaces,Jharkhand,GIRIDIH(Deputy Commissioner Giridh_IDA),Shri Chandra Prakash Choudhary,GIRIDIH,construction of mask light in telkhara mod of telkhara village of kalhabar panchayat.,21-Aug-2024,2025-01-08,150000.0,Vendor Identification,WS/MP334/2024-2025/136584,21-Aug-2024,150000.0,,,149709.0,1.0,2026-06-29,0,0.99806,0.99806,608.0,0,1,1,0,0.2103994486559475,Detected by Isolation Forest pattern analysis
720,Normal/Others,WS/MP334/2024-2025/136587-Lighting of public spaces,Jharkhand,GIRIDIH(Deputy Commissioner Giridh_IDA),Shri Chandra Prakash Choudhary,GIRIDIH,construction of mask light near bajrang bali mandir of atki village of atki panchayat.,21-Aug-2024,2025-01-08,150000.0,Vendor Identification,WS/MP334/2024-2025/136587,21-Aug-2024,150000.0,,,149709.0,1.0,2026-06-29,0,0.99806,0.99806,608.0,0,1,1,0,0.2103994486559475,Detected by Isolation Forest pattern analysis
721,Normal/Others,WS/MP334/2024-2025/136588-Lighting of public spaces,Jharkhand,GIRIDIH(Deputy Commissioner Giridh_IDA),Shri Chandra Prakash Choudhary,GIRIDIH,construction of mask light near dhawatand bazaar tand durga mandir of dhawatand village of chachando panchayat.,21-Aug-2024,2025-01-08,150000.0,Vendor Identification,WS/MP334/2024-2025/136588,21-Aug-2024,150000.0,,,149709.0,1.0,2026-06-29,0,0.99806,0.99806,608.0,0,1,1,0,0.2103994486559475,Detected by Isolation Forest pattern analysis
722,Normal/Others,WS/MP334/2024-2025/136589-Lighting of public spaces,Jharkhand,GIRIDIH(Deputy Commissioner Giridh_IDA),Shri Chandra Prakash Choudhary,GIRIDIH,construction of mask light near chainpur bazaartand of chainpur village of chainpur panchayat.,21-Aug-2024,2025-01-08,150000.0,Vendor Identification,WS/MP334/2024-2025/136589,21-Aug-2024,150000.0,,,149752.0,1.0,2026-06-29,0,0.9983466666666668,0.9983466666666668,608.0,0,1,1,0,0.20555852313701328,Detected by Isolation Forest pattern analysis
724,Normal/Others,WS/MP334/2024-2025/136591-Lighting of public spaces,Jharkhand,GIRIDIH(Deputy Commissioner Giridh_IDA),Shri Chandra Prakash Choudhary,GIRIDIH,construction of mask light near chegro shiv mandir of chegro village of chegro panchayat.,21-Aug-2024,2025-01-08,150000.0,Vendor Identification,WS/MP334/2024-2025/136591,21-Aug-2024,150000.0,,,149710.0,1.0,2026-06-29,0,0.9980666666666668,0.9980666666666668,608.0,0,1,1,0,0.2099972843462385,Detected by Isolation Forest pattern analysis
725,Normal/Others,WS/MP334/2024-2025/136598-Lighting of public spaces,Jharkhand,GIRIDIH(Deputy Commissioner Giridh_IDA),Shri Chandra Prakash Choudhary,GIRIDIH,construction of mask light near fatehpur bajrangbali mandir of fatehpur village of parsabeda panchayat.,21-Aug-2024,2025-01-08,150000.0,Vendor Identification,WS/MP334/2024-2025/136598,21-Aug-2024,150000.0,,,149711.0,1.0,2026-06-29,0,0.9980733333333334,0.9980733333333334,608.0,0,1,1,0,0.2099972843462385,Detected by Isolation Forest pattern analysis
726,Normal/Others,WS/MP334/2024-2025/136599-Lighting of public spaces,Jharkhand,GIRIDIH(Deputy Commissioner Giridh_IDA),Shri Chandra Prakash Choudhary,GIRIDIH,construction of mask light near shiv mandir of amra village of amra panchayat.,21-Aug-2024,2025-01-08,150000.0,Vendor Identification,WS/MP334/2024-2025/136599,21-Aug-2024,150000.0,,,149711.0,1.0,2026-06-29,0,0.9980733333333334,0.9980733333333334,608.0,0,1,1,0,0.2099972843462385,Detected by Isolation Forest pattern analysis
727,Normal/Others,WS/MP334/2024-2025/136600-Lighting of public spaces,Jharkhand,GIRIDIH(Deputy Commissioner Giridh_IDA),Shri Chandra Prakash Choudhary,GIRIDIH,construction of mask light near shiv mandir simradih of dumri panchayat.,21-Aug-2024,2025-01-08,150000.0,Vendor Identification,WS/MP334/2024-2025/136600,21-Aug-2024,150000.0,,,149711.0,1.0,2026-06-29,0,0.9980733333333334,0.9980733333333334,608.0,0,1,1,0,0.2099972843462385,Detected by Isolation Forest pattern analysis
730,Normal/Others,WS/MP334/2024-2025/136611-Lighting of public spaces,Jharkhand,GIRIDIH(Deputy Commissioner Giridh_IDA),Shri Chandra Prakash Choudhary,GIRIDIH,construction of mask light near mansa mandir of dudhpaniya village of madhyagopali panchayat.,21-Aug-2024,2025-01-08,150000.0,Vendor Identification,WS/MP334/2024-2025/136611,21-Aug-2024,150000.0,,,149710.0,1.0,2026-06-29,0,0.9980666666666668,0.9980666666666668,608.0,0,1,1,0,0.2099972843462385,Detected by Isolation Forest pattern analysis
731,Normal/Others,WS/MP334/2024-2025/136612-Lighting of public spaces,Jharkhand,GIRIDIH(Deputy Commissioner Giridh_IDA),Shri Chandra Prakash Choudhary,GIRIDIH,construction of mask light near pordag mod of asurbandh village of asurbandh panchayat.,21-Aug-2024,2025-01-08,150000.0,Vendor Identification,WS/MP334/2024-2025/136612,21-Aug-2024,150000.0,,,149711.0,1.0,2026-07-02,0,0.9980733333333334,0.9980733333333334,608.0,0,1,1,0,0.2099972843462385,Detected by Isolation Forest pattern analysis
732,Normal/Others,WS/MP334/2024-2025/136613-Lighting of public spaces,Jharkhand,GIRIDIH(Deputy Commissioner Giridh_IDA),Shri Chandra Prakash Choudhary,GIRIDIH,construction of mask light near bajrang bali mandir of khankikala village of dumarchutiyo panchayat.,21-Aug-2024,2025-01-08,150000.0,Vendor Identification,WS/MP334/2024-2025/136613,21-Aug-2024,150000.0,,,149711.0,1.0,2026-06-29,0,0.9980733333333334,0.9980733333333334,608.0,0,1,1,0,0.2099972843462385,Detected by Isolation Forest pattern analysis
735,Normal/Others,WS/MP334/2024-2025/136616-Lighting of public spaces,Jharkhand,GIRIDIH(Deputy Commissioner Giridh_IDA),Shri Chandra Prakash Choudhary,GIRIDIH,construction of mask light near shiv mandir of jaruwadih village of bharkhar panchayat.,21-Aug-2024,2025-02-10,150000.0,Vendor Identification,WS/MP334/2024-2025/136616,21-Aug-2024,150000.0,,,149710.0,1.0,2026-06-29,0,0.9980666666666668,0.9980666666666668,575.0,0,1,1,0,0.20324404428768983,Detected by Isolation Forest pattern analysis
739,Normal/Others,WS/MP334/2024-2025/136620-Lighting of public spaces,Jharkhand,GIRIDIH(Deputy Commissioner Giridh_IDA),Shri Chandra Prakash Choudhary,GIRIDIH,construction of mask light near bikhnidih mandir of pipradih village of poraiya panchayat.,21-Aug-2024,2025-02-10,150000.0,Vendor Identification,WS/MP334/2024-2025/136620,21-Aug-2024,150000.0,,,149710.0,1.0,2026-07-02,0,0.9980666666666668,0.9980666666666668,575.0,0,1,1,0,0.20324404428768983,Detected by Isolation Forest pattern analysis
740,Normal/Others,WS/MP334/2024-2025/136622-Lighting of public spaces,Jharkhand,GIRIDIH(Deputy Commissioner Giridh_IDA),Shri Chandra Prakash Choudhary,GIRIDIH,construction of mask light near club bhawan of balthariya village of balthariya panchayat.,21-Aug-2024,2025-02-10,150000.0,Vendor Identification,WS/MP334/2024-2025/136622,21-Aug-2024,150000.0,,,149710.0,1.0,2026-06-29,0,0.9980666666666668,0.9980666666666668,575.0,0,1,1,0,0.20324404428768983,Detected by Isolation Forest pattern analysis
742,Normal/Others,WS/MP334/2024-2025/136625-Lighting of public spaces,Jharkhand,GIRIDIH(Deputy Commissioner Giridh_IDA),Shri Chandra Prakash Choudhary,GIRIDIH,construction of mask light near madhwadih mandir of madhwadih village of thakurchak panchayat.,21-Aug-2024,2025-02-10,150000.0,Vendor Identification,WS/MP334/2024-2025/136625,21-Aug-2024,150000.0,,,149710.0,1.0,2026-06-29,0,0.9980666666666668,0.9980666666666668,575.0,0,1,1,0,0.20324404428768983,Detected by Isolation Forest pattern analysis
754,Normal/Others,WS/MP334/2024-2025/136642-Lighting of public spaces,Jharkhand,GIRIDIH(Deputy Commissioner Giridh_IDA),Shri Chandra Prakash Choudhary,GIRIDIH,construction of mask light near radhekrishna thakurbadi mandir of isri north panchayat.,21-Aug-2024,2025-02-10,150000.0,Vendor Identification,WS/MP334/2024-2025/136642,21-Aug-2024,150000.0,,,149710.0,1.0,2026-03-19,0,0.9980666666666668,0.9980666666666668,575.0,0,1,1,0,0.20324404428768983,Detected by Isolation Forest pattern analysis
789,Normal/Others,WS/MP18159/2024-2025/136714-Installing tube-wells and borewells,Rajasthan,ALWAR(DISTRICT COLLECTOR ALWAR_IDA),BHUPENDER YADAV,ALWAR,Three phase boring with electrical connection work near Sant Parmeshwar Das Maharaj Beda Ashram in village Naraulkhurd. G.P. Narnaulkhurd P.S. Lachhmangarh City Alwar,21-Aug-2024,2024-12-03,1500000.0,Work partially Completed,WS/MP18159/2024-2025/136714,21-Aug-2024,1500000.0,,,368194.0,1.0,2026-05-07,0,0.2454626666666666,0.2454626666666666,644.0,0,1,1,0,0.058253901370895256,Detected by Isolation Forest pattern analysis
795,Normal/Others,WS/MP341/2025-2026/136725-Construction of rooms and halls in school and colleges,Karnataka,CHIKKAMAGALURU(DEPUTY COMMISSIONER CHIKMAGALUR),Shri LS Tejasvi Surya,BANGALORE SOUTH,"Construction of classroom at the Government Higher Primary School in Lakya Village, Chikkamagaluru District, Karnataka.",22-Aug-2024,2026-02-09,496984.0,Physical Inspection,WS/MP341/2025-2026/136725,,,2026-04-18,496984.0,496984.0,1.0,2026-02-10,1,1.0,,211.0,0,0,1,0,0.21584787628205093,Detected by Isolation Forest pattern analysis
875,Normal/Others,WS/MP18112/2024-2025/136983-Crematoriums/energy efficient crematoriums or structures on burial/cremation ground,Maharashtra,AMRAVATI(DISTRICT COLLECTOR AMRAVATI_IDA),BALWANT BASWANT WANKHADE,AMRAVATI(SC),Construction of cremation shed at Lotwada Ta. Daryapur Dist Amravati,25-Aug-2024,2024-12-13,600000.0,Work partially Completed,WS/MP18112/2024-2025/136983,25-Aug-2024,600000.0,,,600000.0,1.0,2026-05-29,0,1.0,1.0,634.0,0,1,1,0,0.1988597194463091,Detected by Isolation Forest pattern analysis
876,Normal/Others,WS/MP18112/2024-2025/136984-Construction of community centers and community halls,Maharashtra,AMRAVATI(DISTRICT COLLECTOR AMRAVATI_IDA),BALWANT BASWANT WANKHADE,AMRAVATI(SC),Construction Of Community Hall At Chincholi Rahimapur (Kh)Ta. Anjangaon Surji Dist Amravati,25-Aug-2024,2024-10-14,1500000.0,Work Completed,WS/MP18112/2024-2025/136984,25-Aug-2024,1500000.0,2026-04-11,1496534.0,1496534.0,2.0,2026-07-12,1,0.9976893333333332,0.9976893333333332,694.0,0,0,1,0,0.08074798508341607,Detected by Isolation Forest pattern analysis
1055,Normal/Others,WS/MP582/2025-2026/137346-Lighting of public spaces,Gujarat,TAPI(District collector Tapi_IDA),Prabhubhai Nagarbhai Vasava,BARDOLI(ST),"The following facility work regarding placing electricity pole near the field in front of the P.S., fixing till commissioning 11.00 M.T.R.G.I. Tuber Light Poles with 150 Volt 6 Flooded LEDs Lights Attachment and Leader with 1 Year Maintenance Work Nos.1, at  Kelkui village near Swaminarayn temple Taluka Vyara, District Tapi",27-Aug-2024,2025-05-28,146500.0,Physical Inspection,WS/MP582/2025-2026/137346,27-Aug-2024,146500.0,2026-01-09,146500.0,146500.0,1.0,2026-01-09,1,1.0,1.0,468.0,0,0,1,0,0.18739402307114328,Detected by Isolation Forest pattern analysis
1058,Normal/Others,WS/MP858/2025-2026/137402-Street lights,West Bengal,PURBA BARDHAMAN(DISTRICT MAGISTRATE PURBA BARDHAMAN_IDA),Asit Kumar Mal,BOLPUR(SC),"Instalation 2(TWO)NO of high mast light at BONNABOGRAM BUS STAND AND Nowda Bagdi para tey matha. Excuting Agency WILL BE ,M.D. WEST BENGAL AGRO INDUSTRIES CORPORATION LTD, 23- B ,N.S. ROAD, KOLKATA -1",28-Aug-2024,2025-11-19,559912.0,Physical Inspection,WS/MP858/2025-2026/137402,28-Aug-2024,559912.0,,,559116.0,1.0,2026-07-21,0,0.9985783480261184,0.9985783480261184,293.0,0,1,1,0,0.14470435440671797,Detected by Isolation Forest pattern analysis
1130,Normal/Others,WS/MP18019/2024-2025/137592-Installing tube-wells and borewells,Assam,KARBI ANGLONG(DEPUTY COMMISSIONER KARBI ANGLONG_IDA),AMARSING TISSO,Diphu (ST),"Construction of 3 Nos. Ringwell at Sar-et Senar village, @3.00 L x 3 Nos.",29-Aug-2024,2024-10-25,900000.0,Physical Inspection,WS/MP18019/2024-2025/137592,29-Aug-2024,900000.0,2025-10-22,899821.0,37540.0,1.0,2026-06-13,1,0.0417111111111111,0.0417111111111111,683.0,0,0,1,0,0.05990623621149871,Detected by Isolation Forest pattern analysis
1144,Normal/Others,WS/MP18019/2024-2025/137606-Installing tube-wells and borewells,Assam,KARBI ANGLONG(DEPUTY COMMISSIONER KARBI ANGLONG_IDA),AMARSING TISSO,Diphu (ST),"Construction of ringwell near the house of Smt Klarie Phangchopi, Rongnagar",29-Aug-2024,2024-10-25,300000.0,Physical Inspection,WS/MP18019/2024-2025/137606,29-Aug-2024,300000.0,2025-10-22,299583.0,10212.0,1.0,2026-06-13,1,0.03404,0.03404,683.0,0,0,1,0,0.06184646445708164,Detected by Isolation Forest pattern analysis
1145,Normal/Others,WS/MP18019/2024-2025/137607-Installing tube-wells and borewells,Assam,KARBI ANGLONG(DEPUTY COMMISSIONER KARBI ANGLONG_IDA),AMARSING TISSO,Diphu (ST),"Construction of ringwell near West Tarabasa English LP School, Phuloni",29-Aug-2024,2024-10-25,300000.0,Physical Inspection,WS/MP18019/2024-2025/137607,29-Aug-2024,300000.0,2025-11-02,299583.0,10212.0,1.0,2026-06-13,1,0.03404,0.03404,683.0,0,0,1,0,0.06184646445708164,Detected by Isolation Forest pattern analysis
1151,Normal/Others,WS/MP18152/2024-2025/137615-Construction of community centers and community halls,Punjab,MOGA(Deputy Commissioner Moga),SARABJEET SINGH KHALSA,FARIDKOT(SC),Construction of SC Dharamshala,29-Aug-2024,2024-12-10,500000.0,Physical Inspection,WS/MP18152/2024-2025/137615,29-Aug-2024,500000.0,2026-04-04,500000.0,500000.0,13.0,2026-01-29,1,1.0,1.0,637.0,0,0,-1,1,-0.021415502579315793,Unusually high number of payments
1169,Normal/Others,WS/MP18327/2025-2026/137670-Street lights,Maharashtra,SOLAPUR(DISTRICT COLLECTOR SOLAPUR_IDA),PRANITI SUSHILKUMAR SHINDE,SOLAPUR(SC),Installation of Light in front of Khandoba Temple at Waluj Gaon in Mohol Taluka,29-Aug-2024,2026-03-09,499880.0,Physical Inspection,WS/MP18327/2025-2026/137670,29-Aug-2024,499880.0,2026-03-12,498751.0,498751.0,1.0,2026-03-12,1,0.997741457949908,0.997741457949908,183.0,0,0,1,0,0.1323598483167321,Detected by Isolation Forest pattern analysis
1180,Normal/Others,WS/MP18019/2024-2025/137729-Construction of boundary walls of existing public and community buildings,Assam,KARBI ANGLONG(DEPUTY COMMISSIONER KARBI ANGLONG_IDA),AMARSING TISSO,Diphu (ST),Construction of boundary wall with fencing at Langbungdingpi Graveyard,29-Aug-2024,2024-10-25,1000000.0,Physical Inspection,WS/MP18019/2024-2025/137729,29-Aug-2024,1000000.0,2025-10-22,999347.0,77000.0,1.0,2026-07-16,1,0.077,0.077,683.0,0,0,1,0,0.05468136072922858,Detected by Isolation Forest pattern analysis
1256,Normal/Others,WS/MP18173/2024-2025/137922-Construction of bus-sheds or bus-stops,Tamil Nadu,TIRUVANNAMALAI(DISTRICT COLLECTOR TIRUVANNAMALAI_IDA),THARANIVENTHAN M S,ARANI,Construction of Bus Shelter at S.V. Nagar Panchayat,05-Sep-2024,2025-01-02,1500000.0,Vendor Identification,WS/MP18173/2024-2025/137922,05-Sep-2024,1500000.0,,,1499550.0,1.0,2026-05-25,0,0.9997,0.9997,614.0,0,1,1,0,0.20516781733894274,Detected by Isolation Forest pattern analysis
1385,Normal/Others,WS/MP18161/2024-2025/138069-Construction of community centers and community halls,Rajasthan,ALWAR(DISTRICT COLLECTOR ALWAR_IDA),SANJNA JATAV,BHARATPUR(SC),Samudayik bhavan Bairwa mohalla mein chardiwari may gate Nirman karya gram Nagal Rupa work agency GP Nagal Rupa,01-Sep-2024,2024-12-03,499545.0,Physical Inspection,WS/MP18161/2024-2025/138069,01-Sep-2024,499545.0,2025-06-23,499545.0,12467.0,2.0,2026-01-14,1,0.024956710606652,0.024956710606652,644.0,0,0,1,0,0.03626757289527183,Detected by Isolation Forest pattern analysis
1412,Normal/Others,"WS/MP18161/2024-2025/138100-Construction of roads, link roads, pathways or any other road with or without drainage system",Rajasthan,Deeg(DISTRICT COLLECTOR Deeg_IDA),SANJNA JATAV,BHARATPUR(SC),Interlocking Nirman karya bhullan ke Ghar se ramjeet master ke Ghar ki or dhamari work agency GP dhamari,01-Sep-2024,2025-01-02,500000.0,Work Completed,WS/MP18161/2024-2025/138100,01-Sep-2024,500000.0,2026-03-06,498892.0,69970.0,1.0,2026-03-20,1,0.13994,0.13994,614.0,0,0,1,0,0.06917805285120804,Detected by Isolation Forest pattern analysis
1417,Normal/Others,"WS/MP18161/2024-2025/138107-Construction of roads, link roads, pathways or any other road with or without drainage system",Rajasthan,BHARATPUR(DISTRICT COLLECTOR BHARATPUR_IDA),SANJNA JATAV,BHARATPUR(SC),Cc interlocking eat kharanja Nirman karya main road se balveer ke nohare ki or theI work agency uNdra,01-Sep-2024,2024-12-12,400000.0,Physical Inspection,WS/MP18161/2024-2025/138107,01-Sep-2024,400000.0,2026-01-05,399811.0,399811.0,12.0,2026-01-05,1,0.9995275,0.9995275,635.0,0,0,-1,1,-0.017189237752072706,Unusually high number of payments
1425,Normal/Others,WS/MP345/2024-2025/138116-Construction of buildings for crèches and anganwadies,Kerala,KOLLAM(DISTRICT COLLECTOR KOLLAM_IDA),Shri NK Premachandran,KOLLAM,Construction of Anganwadi building No. 83 of Panmana Grama Panchayat,01-Sep-2024,2025-03-15,1250000.0,Work partially Completed,WS/MP345/2024-2025/138116,01-Sep-2024,1250000.0,,,493113.0,1.0,2026-04-16,0,0.3944904,0.3944904,542.0,0,1,1,0,0.10299671963341694,Detected by Isolation Forest pattern analysis
1452,Normal/Others,WS/MP18328/2024-2025/138241-Construction of additional rooms and halls in the existing public and community building,Himachal Pradesh,MANDI(DEPUTY COMMISSIONER MANDI_IDA),Kangana Ranaut,MANDI,"Construction of additional rooms and halls in the existing public and community building. Name of work:-Constuction  (Upgradation) of Panchayat Ghar  of Gram Panchayat Sulpur Jaboth, Block Development  Gopalpur, District  Mandi Himachal Pradesh . Eastimate Attached, Work Execute BY GP Sulpur Jaboth.",02-Sep-2024,2024-10-11,1400000.0,Physical Inspection,WS/MP18328/2024-2025/138241,02-Sep-2024,1400000.0,2026-08-24,901818.0,901818.0,1.0,2026-02-17,1,0.6441557142857143,0.6441557142857143,697.0,0,0,1,0,0.02351779562953349,Detected by Isolation Forest pattern analysis
1544,Normal/Others,WS/MP745/2026-2027/138567-Installing tube-wells and borewells,Tamil Nadu,TIRUPPUR(DISTRICT COLLECTOR TIRUPPUR_IDA),K Subbarayan,TIRUPPUR,"Supply of New Borewell at Ward no.11, K.P.S Street,Shastri Street, Tiruppur Corporation.",03-Sep-2024,2026-06-23,1000000.0,Physical Inspection,WS/MP745/2026-2027/138567,03-Sep-2024,1000000.0,,,1000000.0,1.0,2026-06-24,0,1.0,1.0,77.0,0,1,1,0,0.09218690387177908,Detected by Isolation Forest pattern analysis
1570,Normal/Others,WS/MP18353/2024-2025/138633-Construction of toilet blocks,West Bengal,HOOGHLY(DISTRICT MAGISTRATE HOOGHLY_IDA),RACHNA BANERJEE,HOOGHLY,Construction of (Community) Girls Sanitary Complex at Chinsurah Balika Bani Mandir,03-Sep-2024,2025-01-06,345565.0,Physical Inspection,WS/MP18353/2024-2025/138633,03-Sep-2024,345565.0,2026-02-16,345565.0,345565.0,1.0,2026-02-06,1,1.0,1.0,610.0,0,0,1,0,0.2099689364867054,Detected by Isolation Forest pattern analysis
1572,Normal/Others,WS/MP18353/2024-2025/138635-Construction of toilet blocks,West Bengal,HOOGHLY(DISTRICT MAGISTRATE HOOGHLY_IDA),RACHNA BANERJEE,HOOGHLY,Construction of (Community) Girls Sanitary Complex at Horal Belaboti  Balika Vidhyalaya,03-Sep-2024,2025-03-04,347080.0,Physical Inspection,WS/MP18353/2024-2025/138635,03-Sep-2024,347080.0,,,290242.0,1.0,2026-05-13,0,0.8362394836925204,0.8362394836925204,553.0,0,1,1,0,0.05762328813716466,Detected by Isolation Forest pattern analysis
1574,Normal/Others,WS/MP18353/2025-2026/138637-Construction of toilet blocks,West Bengal,HOOGHLY(DISTRICT MAGISTRATE HOOGHLY_IDA),RACHNA BANERJEE,HOOGHLY,Construction of (Community) Girls Sanitary Complex at Adisaptagram High School,03-Sep-2024,2025-12-15,347023.0,Physical Inspection,WS/MP18353/2025-2026/138637,03-Sep-2024,347023.0,2026-03-11,347023.0,347023.0,1.0,2026-03-13,1,1.0,1.0,267.0,0,0,1,0,0.15645365160538738,Detected by Isolation Forest pattern analysis
1581,Normal/Others,WS/MP18353/2024-2025/138653-Construction of toilet blocks,West Bengal,HOOGHLY(DISTRICT MAGISTRATE HOOGHLY_IDA),RACHNA BANERJEE,HOOGHLY,Construction of (Community) Girls Sanitary Complex  at Chinsurah Balika Siksha Mandir High School (HS),03-Sep-2024,2025-01-06,347080.0,Vendor Identification,WS/MP18353/2024-2025/138653,03-Sep-2024,347080.0,,,346188.0,1.0,2026-02-16,0,0.9974299873228074,0.9974299873228074,610.0,0,1,1,0,0.19894074234623665,Detected by Isolation Forest pattern analysis
1585,Normal/Others,WS/MP479/2024-2025/138670-Construction of community centers and community halls,West Bengal,BANKURA(DISTRICT MAGISTRATE BANKURA_IDA),Saumitra khan,BISHNUPUR(SC),Construction of Community Hall,03-Sep-2024,2025-01-06,450000.0,Vendor Identification,WS/MP479/2024-2025/138670,03-Sep-2024,450000.0,,,447996.0,1.0,2026-09-01,0,0.9955466666666668,0.9955466666666668,610.0,0,1,1,0,0.1837502431162117,Detected by Isolation Forest pattern analysis
1626,Normal/Others,"WS/MP577/2024-2025/138732-Construction of roads, link roads, pathways or any other road with or without drainage system",Gujarat,Dahod(DISTRICT COLLECTOR DOHAD_IDA),Jaswantsinh Sumanbhai Bhabhor,DAHOD(ST),navyuvak secondary highschool ma c.c.road nu kam 200 mtr,06-Sep-2024,2025-01-31,250000.0,Physical Inspection,WS/MP577/2024-2025/138732,06-Sep-2024,250000.0,2026-08-19,250000.0,250000.0,1.0,2026-08-01,1,1.0,1.0,585.0,0,0,1,0,0.20686408650315002,Detected by Isolation Forest pattern analysis
1648,Normal/Others,WS/MP479/2024-2025/138772-Development of playground,West Bengal,BANKURA(DISTRICT MAGISTRATE BANKURA_IDA),Saumitra khan,BISHNUPUR(SC),Boundary fencing & 4Nos.of Solar Lights,04-Sep-2024,2024-12-13,2774787.0,Physical Inspection,WS/MP479/2024-2025/138772,04-Sep-2024,2774787.0,2026-08-10,2774787.0,2774787.0,1.0,2026-05-19,1,1.0,1.0,634.0,0,0,1,0,0.1988597194463091,Detected by Isolation Forest pattern analysis
1683,Repair and Renovation,WS/MP423/2024-2025/138922-Construction of public libraries and reading rooms,West Bengal,South 24 Parganas(DISTRICT MAGISTRATE SOUTH TWENTY FOUR PARGANAS_IDA),Shri Abhishek Banerjee,DIAMOND HARBOUR,Renovation of Two Storied Budge Budge Public Library Hall,04-Sep-2024,2024-12-24,1500000.0,Work partially Completed,WS/MP423/2024-2025/138922,04-Sep-2024,1500000.0,,,1276614.0,1.0,2026-02-06,0,0.851076,0.851076,623.0,0,1,1,0,0.05800774930895092,Detected by Isolation Forest pattern analysis
1712,Normal/Others,WS/MP347/2024-2025/138962-Construction of rooms and halls in school and colleges,Kerala,KOLLAM(DISTRICT COLLECTOR KOLLAM_IDA),Shri Suresh Kodikunnil,MAVELIKKARA(SC),Class room at Govt.LPS Elikattoor including electrification in Piravanthoore Grama Panchayath (SCP),11-Sep-2024,2024-10-29,1550000.0,Physical Inspection,WS/MP347/2024-2025/138962,11-Sep-2024,1550000.0,,,56311.0,1.0,2026-08-31,0,0.0363296774193548,0.0363296774193548,679.0,0,1,1,0,0.060620432861491436,Detected by Isolation Forest pattern analysis
1742,Normal/Others,WS/MP761/2024-2025/139053-Construction of community centers and community halls,Telangana,Jagitial(DISTRICT COLLECTOR JAGTIAL_IDA),Arvind Dharmapuri,NIZAMABAD,Construction of Community hall near Bhagavan Sri Satyananda Maharshi Geetha Satsang Bhavan,05-Sep-2024,2024-10-18,400000.0,Work Completed,WS/MP761/2024-2025/139053,05-Sep-2024,400000.0,2026-01-31,357070.0,357070.0,1.0,2026-02-04,1,0.892675,0.892675,690.0,0,0,1,0,0.033142013341837195,Detected by Isolation Forest pattern analysis
1890,Normal/Others,WS/MP18095/2025-2026/139279-Purchase of vans and buses for educational institutions,Kerala,ALAPPUZHA(DISTRICT COLLECTOR ALAPPUZHA_IDA),K. C VENUGOPAL,ALAPPUZHA,"Purchase of a bus for Lutheran Mission LPS, Muhamma",06-Sep-2024,2025-07-08,1929021.0,Work partially Completed,WS/MP18095/2025-2026/139279,06-Sep-2024,1929021.0,,,56755.0,1.0,2026-03-17,0,0.0294216600026645,0.0294216600026645,427.0,0,1,1,0,0.03439096339754555,Detected by Isolation Forest pattern analysis
1968,Normal/Others,WS/MP829/2024-2025/139363-Construction of rooms and halls in school and colleges,West Bengal,HOWRAH(DISTRICT MAGISTRATE HOWRAH_IDA),Smt Sajda Ahmed,ULUBERIA,Construction of Seminar Hall at Menoka Smriti Vidyamandir,06-Sep-2024,2025-02-18,500000.0,Work partially Completed,WS/MP829/2024-2025/139363,06-Sep-2024,500000.0,,,251613.0,1.0,2026-09-01,0,0.503226,0.503226,567.0,0,1,1,0,0.08601794854204536,Detected by Isolation Forest pattern analysis
2093,Normal/Others,WS/MP18019/2026-2027/139500-Construction of community centers and community halls,Assam,DIMA HASAO(DEPUTY COMMISSIONER Dima Hasao_IDA),AMARSING TISSO,Diphu (ST),"Construction of Community Building with Library, Guest Room, Conference Room at Haflong, Dima Hasao District (Total Estd. Cost:- Rs. 1.00 Cr.) 1st Installment Rs. 50.00 Lakhs",06-Sep-2024,2026-07-31,5000000.0,Physical Inspection,WS/MP18019/2026-2027/139500,06-Sep-2024,5000000.0,,,4998740.0,2.0,2026-08-09,0,0.999748,0.999748,39.0,0,1,-1,1,-0.011496747143525554,Detected by Isolation Forest pattern analysis
2113,Normal/Others,WS/MP823/2024-2025/139549-Construction of rooms and halls in school and colleges,West Bengal,NADIA(DISTRICT MAGISTRATE NADIA_IDA),Ms Mahua Moitra,KRISHNANAGAR,"Construction of Auditorium Hall at Muragachha High School under Muragachha Gram Panchyat, Block Nakashipara, Nadia.",07-Sep-2024,2024-12-11,1999484.0,Vendor Identification,WS/MP823/2024-2025/139549,07-Sep-2024,1999484.0,,,712817.0,1.0,2026-01-09,0,0.3565004771230977,0.3565004771230977,636.0,0,1,1,0,0.07760379957686603,Detected by Isolation Forest pattern analysis
2120,Normal/Others,WS/MP823/2024-2025/139556-Construction of rooms and halls in school and colleges,West Bengal,NADIA(DISTRICT MAGISTRATE NADIA_IDA),Ms Mahua Moitra,KRISHNANAGAR,"Decoration of Smart Class Room at Asannagar MMT College under Asannagar GP, Block Krishnagar-I, Nadia.",07-Sep-2024,2025-01-27,1938436.0,Physical Inspection,WS/MP823/2024-2025/139556,07-Sep-2024,1938436.0,2026-01-30,1938436.0,1938436.0,1.0,2026-01-13,1,1.0,1.0,589.0,0,0,1,0,0.20724097402331065,Detected by Isolation Forest pattern analysis
2155,Normal/Others,WS/MP18176/2024-2025/139719-Construction of buildings for community cultural activities,Tamil Nadu,DINDIGUL(DISTRICT COLLECTOR DINDIGUL_IDA),SACHITHANANTHAM R,DINDIGUL,CONSTRUCTION OF DRAMA STAGE SERVEEDU PUDUR @ VELAMPATTI,07-Sep-2024,2025-03-12,847547.0,Physical Inspection,WS/MP18176/2024-2025/139719,07-Sep-2024,847547.0,2026-03-16,847547.0,847547.0,1.0,2026-03-16,1,1.0,1.0,545.0,0,0,1,0,0.20399236917431823,Detected by Isolation Forest pattern analysis
2265,Normal/Others,"WS/MP18253/2024-2025/139952-Construction of roads, link roads, pathways or any other road with or without drainage system",West Bengal,South 24 Parganas(DISTRICT MAGISTRATE SOUTH TWENTY FOUR PARGANAS_IDA),BAPI HALDAR,MATHURAPUR(SC),CONSTRUCTIONOF CONCRETE ROAD WITH PAILING FROM SARADANA BARAPOOL TO BASANTA HALDER,08-Sep-2024,2024-12-09,349580.0,Physical Inspection,WS/MP18253/2024-2025/139952,08-Sep-2024,349580.0,2026-01-30,349580.0,349580.0,1.0,2026-01-30,1,1.0,1.0,638.0,0,0,1,0,0.19756753050824538,Detected by Isolation Forest pattern analysis
2344,Normal/Others,WS/MP18152/2024-2025/140034-Crematoriums/energy efficient crematoriums or structures on burial/cremation ground,Punjab,MOGA(Deputy Commissioner Moga),SARABJEET SINGH KHALSA,FARIDKOT(SC),Construction of Shed in Cremation Ground,09-Sep-2024,2024-12-20,200000.0,Vendor Identification,WS/MP18152/2024-2025/140034,09-Sep-2024,200000.0,,,22940.0,1.0,2026-04-15,0,0.1147,0.1147,627.0,0,1,1,0,0.06330411347739806,Detected by Isolation Forest pattern analysis
2391,Normal/Others,WS/MP719/2024-2025/140136-Construction of community centers and community halls,Rajasthan,AJMER(DISTRICT COLLECTOR AJMER_IDA),Bhagirath Chaudhary,AJMER,"Construction of public open community hall in Ruvaldada Shiv chowk in village Govaliya, Gram panchayat Tilora",10-Sep-2024,2024-11-28,490801.0,Physical Inspection,WS/MP719/2024-2025/140136,10-Sep-2024,490801.0,2025-04-03,490801.0,176184.0,11.0,2026-03-11,1,0.3589723737319198,0.3589723737319198,649.0,0,0,-1,1,-0.06082071942287448,Unusually high number of payments
2395,Normal/Others,WS/MP405/2025-2026/140142-Improvement of electricity distribution infrastructure,Andhra Pradesh,KRISHNA(DISTRICT COLLECTOR KRISHNA_IDA),Balashowry Vallabbhaneni,MACHILIPATNAM,mprovement of electrical distribution infrastructure at Pedayadara of Machilipatnam Mandal in Krishna District,10-Sep-2024,2026-02-06,381000.0,Vendor Identification,WS/MP405/2025-2026/140142,10-Sep-2024,381000.0,,,380097.0,1.0,2026-07-06,0,0.9976299212598424,0.9976299212598424,214.0,0,1,1,0,0.14054627831221123,Detected by Isolation Forest pattern analysis
2397,Normal/Others,WS/MP405/2025-2026/140144-Purchase of hospital equipment,Andhra Pradesh,KRISHNA(DISTRICT COLLECTOR KRISHNA_IDA),Balashowry Vallabbhaneni,MACHILIPATNAM,"Purchase of Real time micro PCR system for cancer van at GGH, Machilipatnam",10-Sep-2024,2025-12-11,896000.0,Vendor Identification,WS/MP405/2025-2026/140144,10-Sep-2024,896000.0,,,896000.0,1.0,2026-03-05,0,1.0,1.0,271.0,0,1,1,0,0.15655722672396372,Detected by Isolation Forest pattern analysis
2398,Normal/Others,"WS/MP405/2024-2025/140145-Construction of roads, link roads, pathways or any other road with or without drainage system",Andhra Pradesh,KRISHNA(DISTRICT COLLECTOR KRISHNA_IDA),Balashowry Vallabbhaneni,MACHILIPATNAM,"Providing CC road from Ramalayam to Chukka Srinivasa Rao house in Kanigirilanka of Iluru GP, Thotlavallur Mandal in Krishna District",10-Sep-2024,2024-10-22,1500000.0,Physical Inspection,WS/MP405/2024-2025/140145,10-Sep-2024,1500000.0,,,1158273.0,1.0,2026-06-23,0,0.772182,0.772182,686.0,0,1,1,0,0.017774614418681445,Detected by Isolation Forest pattern analysis
2402,Normal/Others,WS/MP719/2024-2025/140154-Construction of community centers and community halls,Rajasthan,AJMER(DISTRICT COLLECTOR AJMER_IDA),Bhagirath Chaudhary,AJMER,Construction of Comunity Hall neat Teja place kadel,10-Sep-2024,2024-11-28,299612.0,Physical Inspection,WS/MP719/2024-2025/140154,10-Sep-2024,299612.0,,,299349.0,17.0,2026-01-29,0,0.999122198042802,0.999122198042802,649.0,0,1,-1,1,-0.07278092375765988,Unusually high number of payments
2403,Normal/Others,WS/MP719/2024-2025/140155-Construction of community centers and community halls,Rajasthan,AJMER(DISTRICT COLLECTOR AJMER_IDA),Bhagirath Chaudhary,AJMER,Construction of Teen shade and ladder in village rewat,10-Sep-2024,2024-12-07,200000.0,Physical Inspection,WS/MP719/2024-2025/140155,10-Sep-2024,200000.0,,,194388.0,10.0,2026-01-29,0,0.97194,0.97194,640.0,0,1,-1,1,-0.032661005172377466,Unusually high number of payments
2415,Normal/Others,WS/MP18161/2024-2025/140180-Crematoriums/energy efficient crematoriums or structures on burial/cremation ground,Rajasthan,BHARATPUR(DISTRICT COLLECTOR BHARATPUR_IDA),SANJNA JATAV,BHARATPUR(SC),shamshan ghat me shavdah grah v anya vikash karya gram baghai work agency gp jatoli Rathman,10-Sep-2024,2025-01-07,600000.0,Work Completed,WS/MP18161/2024-2025/140180,10-Sep-2024,600000.0,2026-02-25,597520.0,170520.0,22.0,2026-02-27,1,0.2842,0.2842,609.0,0,0,-1,1,-0.12694978262209056,Unusually high number of payments
2510,Normal/Others,WS/MP740/2026-2027/140334-Construction of community centers and community halls,Tamil Nadu,ERODE(DISTRICT_COLLECTORE_ERODE_IDA),Andimuthu Raja,NILGIRIS(SC),Construction of Anganvadi Building at Thiruvalluvar Thindal (Ward No 19) Kottuveerampalayam at Sathyamanagalam Panchayat,11-Sep-2024,2026-05-25,1400000.0,Physical Inspection,WS/MP740/2026-2027/140334,11-Sep-2024,1400000.0,,,1400000.0,1.0,2026-06-12,0,1.0,1.0,106.0,0,1,1,0,0.11119416460742154,Detected by Isolation Forest pattern analysis
2514,Normal/Others,WS/MP740/2025-2026/140338-Construction of bus-sheds or bus-stops,Tamil Nadu,COIMBATORE(DISTRICT COLLECTOR COIMBATORE_IDA),Andimuthu Raja,NILGIRIS(SC),Construction of Passenger Shelter at Alapalayam Village H/O Kanuvakarai Panchayat,11-Sep-2024,2026-01-27,499977.0,Physical Inspection,WS/MP740/2025-2026/140338,11-Sep-2024,499977.0,2026-01-29,499977.0,499977.0,1.0,2026-01-29,1,1.0,1.0,224.0,0,0,1,0,0.16350004783377964,Detected by Isolation Forest pattern analysis
2515,Normal/Others,WS/MP740/2026-2027/140339-Construction of water tanks,Tamil Nadu,COIMBATORE(DISTRICT COLLECTOR COIMBATORE_IDA),Andimuthu Raja,NILGIRIS(SC),Construction of 30000 Litres capacity OHT 12M Stage at Alagepalayam AD Colony at Kuppanur Panchayat,11-Sep-2024,2026-07-15,1399943.0,Physical Inspection,WS/MP740/2026-2027/140339,11-Sep-2024,1399943.0,2026-08-19,1399943.0,1399943.0,1.0,2026-07-15,1,1.0,1.0,55.0,0,0,1,0,0.07441687763440208,Detected by Isolation Forest pattern analysis
2521,Normal/Others,WS/MP18313/2024-2025/140373-Construction of common work sheds/ common covered sitting area,Rajasthan,DUNGARPUR(DISTRICT COLLECTOR DUNGARPUR_IDA),RAJ KUMAR ROAT,BANSWARA(ST),GSSS Kasariya mein Tin Shed nirman kary,11-Sep-2024,2024-12-13,999998.0,Physical Inspection,WS/MP18313/2024-2025/140373,11-Sep-2024,999998.0,2026-08-07,999998.0,999998.0,3.0,2026-02-16,1,1.0,1.0,634.0,0,0,1,0,0.10346011865098836,Detected by Isolation Forest pattern analysis
2581,Normal/Others,"WS/MP858/2025-2026/140488-Construction of roads, link roads, pathways or any other road with or without drainage system",West Bengal,PURBA BARDHAMAN(DISTRICT MAGISTRATE PURBA BARDHAMAN_IDA),Asit Kumar Mal,BOLPUR(SC),"Two no of Installation HIHG MAST SOLAR LIGHT at CHANDRAPUR CENTRAL HIGH SCHOOL & Near Bajrang bali Mandir at Saragram GP,Executing Agency E.O. Katwa I Panchayat samity.",12-Sep-2024,2025-06-13,555673.0,Physical Inspection,WS/MP858/2025-2026/140488,12-Sep-2024,555673.0,2026-01-21,555673.0,555673.0,1.0,2026-01-21,1,1.0,1.0,452.0,0,0,1,0,0.18503447155850927,Detected by Isolation Forest pattern analysis
2587,Normal/Others,"WS/MP858/2025-2026/140494-Construction of roads, link roads, pathways or any other road with or without drainage system",West Bengal,PURBA BARDHAMAN(DISTRICT MAGISTRATE PURBA BARDHAMAN_IDA),Asit Kumar Mal,BOLPUR(SC),"Construction of CC Road from Karulia panchanan tola to F P High School at Gidhagram GP ,Executing Agency E O Katwa I Panchayat samity.",12-Sep-2024,2025-05-14,357000.0,Physical Inspection,WS/MP858/2025-2026/140494,12-Sep-2024,357000.0,,,353795.0,1.0,2026-09-02,0,0.9910224089635854,0.9910224089635854,482.0,0,1,1,0,0.12448342559526898,Detected by Isolation Forest pattern analysis
2661,Normal/Others,WS/MP356/2025-2026/140605-Improvement of electricity distribution infrastructure,Madhya Pradesh,MANDSAUR(DISTRICT COLLECTOR MANDSAUR_IDA),Shri Sudheer Gupta,MANDSOUR,11 KV LINE TRANSFER,13-Sep-2024,2026-02-16,499246.0,Vendor Identification,WS/MP356/2025-2026/140605,13-Sep-2024,499246.0,,,499246.0,1.0,2026-06-15,0,1.0,1.0,204.0,0,1,1,0,0.16285765475422354,Detected by Isolation Forest pattern analysis
2766,Normal/Others,WS/MP18221/2025-2026/140832-Lighting of public spaces,Uttar Pradesh,JALAUN(DISTRICT MAGISTRATE JALAUN_IDA),NARAYAN DAS AHIRWAR,JALAUN(SC),MS Pole with LED semi High Mast Light,14-Sep-2024,2025-06-05,243000.0,Vendor Identification,WS/MP18221/2025-2026/140832,14-Sep-2024,243000.0,,,97173.0,1.0,2026-09-03,0,0.3998888888888889,0.3998888888888889,460.0,0,1,1,0,0.14749262786255296,Detected by Isolation Forest pattern analysis
2823,Normal/Others,WS/MP18221/2025-2026/140912-Lighting of public spaces,Uttar Pradesh,JALAUN(DISTRICT MAGISTRATE JALAUN_IDA),NARAYAN DAS AHIRWAR,JALAUN(SC),MS Pole with LED semi High Mast Light,15-Sep-2024,2025-06-05,243000.0,Vendor Identification,WS/MP18221/2025-2026/140912,15-Sep-2024,243000.0,,,97173.0,1.0,2026-09-03,0,0.3998888888888889,0.3998888888888889,460.0,0,1,1,0,0.14749262786255296,Detected by Isolation Forest pattern analysis
2824,Normal/Others,WS/MP18221/2025-2026/140913-Lighting of public spaces,Uttar Pradesh,JALAUN(DISTRICT MAGISTRATE JALAUN_IDA),NARAYAN DAS AHIRWAR,JALAUN(SC),MS Pole with LED semi High Mast Light,15-Sep-2024,2025-06-05,243000.0,Vendor Identification,WS/MP18221/2025-2026/140913,15-Sep-2024,243000.0,,,97173.0,1.0,2026-09-03,0,0.3998888888888889,0.3998888888888889,460.0,0,1,1,0,0.14749262786255296,Detected by Isolation Forest pattern analysis
2827,Normal/Others,WS/MP18221/2025-2026/140916-Lighting of public spaces,Uttar Pradesh,JALAUN(DISTRICT MAGISTRATE JALAUN_IDA),NARAYAN DAS AHIRWAR,JALAUN(SC),MS Pole with LED semi High Mast Light,15-Sep-2024,2025-06-05,243000.0,Vendor Identification,WS/MP18221/2025-2026/140916,15-Sep-2024,243000.0,,,97173.0,1.0,2026-09-03,0,0.3998888888888889,0.3998888888888889,460.0,0,1,1,0,0.14749262786255296,Detected by Isolation Forest pattern analysis
2834,Normal/Others,WS/MP18221/2025-2026/140924-Lighting of public spaces,Uttar Pradesh,JALAUN(DISTRICT MAGISTRATE JALAUN_IDA),NARAYAN DAS AHIRWAR,JALAUN(SC),MS Pole with LED semi High Mast Light,15-Sep-2024,2025-06-05,243000.0,Vendor Identification,WS/MP18221/2025-2026/140924,15-Sep-2024,243000.0,,,97173.0,1.0,2026-09-03,0,0.3998888888888889,0.3998888888888889,460.0,0,1,1,0,0.14749262786255296,Detected by Isolation Forest pattern analysis
2846,Normal/Others,WS/MP18221/2025-2026/140936-Lighting of public spaces,Uttar Pradesh,JALAUN(DISTRICT MAGISTRATE JALAUN_IDA),NARAYAN DAS AHIRWAR,JALAUN(SC),MS Pole with LED Semi High Mast Light,15-Sep-2024,2025-06-06,243000.0,Vendor Identification,WS/MP18221/2025-2026/140936,15-Sep-2024,243000.0,,,97173.0,1.0,2026-09-03,0,0.3998888888888889,0.3998888888888889,459.0,0,1,1,0,0.167703294032438,Detected by Isolation Forest pattern analysis
2849,Normal/Others,WS/MP18221/2025-2026/140939-Lighting of public spaces,Uttar Pradesh,JALAUN(DISTRICT MAGISTRATE JALAUN_IDA),NARAYAN DAS AHIRWAR,JALAUN(SC),MS Pole with LED Semi High Mast Light,15-Sep-2024,2025-06-06,243000.0,Vendor Identification,WS/MP18221/2025-2026/140939,15-Sep-2024,243000.0,,,97173.0,1.0,2026-09-03,0,0.3998888888888889,0.3998888888888889,459.0,0,1,1,0,0.167703294032438,Detected by Isolation Forest pattern analysis
2850,Normal/Others,WS/MP18221/2025-2026/140940-Lighting of public spaces,Uttar Pradesh,JALAUN(DISTRICT MAGISTRATE JALAUN_IDA),NARAYAN DAS AHIRWAR,JALAUN(SC),MS Pole with LED Semi High Mast Light,15-Sep-2024,2025-06-06,243000.0,Vendor Identification,WS/MP18221/2025-2026/140940,15-Sep-2024,243000.0,,,97173.0,1.0,2026-09-03,0,0.3998888888888889,0.3998888888888889,459.0,0,1,1,0,0.167703294032438,Detected by Isolation Forest pattern analysis
2851,Normal/Others,WS/MP18221/2025-2026/140941-Lighting of public spaces,Uttar Pradesh,JALAUN(DISTRICT MAGISTRATE JALAUN_IDA),NARAYAN DAS AHIRWAR,JALAUN(SC),MS Pole with LED Semi High Mast Light,15-Sep-2024,2025-06-06,243000.0,Vendor Identification,WS/MP18221/2025-2026/140941,15-Sep-2024,243000.0,,,97173.0,1.0,2026-09-03,0,0.3998888888888889,0.3998888888888889,459.0,0,1,1,0,0.167703294032438,Detected by Isolation Forest pattern analysis
2852,Normal/Others,WS/MP18221/2025-2026/140942-Lighting of public spaces,Uttar Pradesh,JALAUN(DISTRICT MAGISTRATE JALAUN_IDA),NARAYAN DAS AHIRWAR,JALAUN(SC),MS Pole with LED Semi High Mast Light,15-Sep-2024,2025-06-06,243000.0,Vendor Identification,WS/MP18221/2025-2026/140942,15-Sep-2024,243000.0,,,97173.0,1.0,2026-09-03,0,0.3998888888888889,0.3998888888888889,459.0,0,1,1,0,0.167703294032438,Detected by Isolation Forest pattern analysis
2853,Normal/Others,WS/MP18221/2025-2026/140943-Lighting of public spaces,Uttar Pradesh,JALAUN(DISTRICT MAGISTRATE JALAUN_IDA),NARAYAN DAS AHIRWAR,JALAUN(SC),MS Pole with LED Semi High Mast Light,15-Sep-2024,2025-06-06,243000.0,Vendor Identification,WS/MP18221/2025-2026/140943,15-Sep-2024,243000.0,,,97173.0,1.0,2026-09-03,0,0.3998888888888889,0.3998888888888889,459.0,0,1,1,0,0.167703294032438,Detected by Isolation Forest pattern analysis
2855,Normal/Others,WS/MP18221/2025-2026/140945-Lighting of public spaces,Uttar Pradesh,JALAUN(DISTRICT MAGISTRATE JALAUN_IDA),NARAYAN DAS AHIRWAR,JALAUN(SC),MS Pole with LED Semi High Mast Light,15-Sep-2024,2025-06-06,243000.0,Vendor Identification,WS/MP18221/2025-2026/140945,15-Sep-2024,243000.0,,,97173.0,1.0,2026-09-03,0,0.3998888888888889,0.3998888888888889,459.0,0,1,1,0,0.167703294032438,Detected by Isolation Forest pattern analysis
2858,Normal/Others,WS/MP18221/2025-2026/140948-Lighting of public spaces,Uttar Pradesh,JALAUN(DISTRICT MAGISTRATE JALAUN_IDA),NARAYAN DAS AHIRWAR,JALAUN(SC),MS pole with LED Semi High Mast Light,15-Sep-2024,2025-06-06,243000.0,Vendor Identification,WS/MP18221/2025-2026/140948,15-Sep-2024,243000.0,,,97173.0,1.0,2026-09-03,0,0.3998888888888889,0.3998888888888889,459.0,0,1,1,0,0.167703294032438,Detected by Isolation Forest pattern analysis
2859,Normal/Others,WS/MP18221/2025-2026/140949-Lighting of public spaces,Uttar Pradesh,JALAUN(DISTRICT MAGISTRATE JALAUN_IDA),NARAYAN DAS AHIRWAR,JALAUN(SC),MS pole with LED Semi High Mast Light,15-Sep-2024,2025-06-06,243000.0,Vendor Identification,WS/MP18221/2025-2026/140949,15-Sep-2024,243000.0,,,97173.0,1.0,2026-09-03,0,0.3998888888888889,0.3998888888888889,459.0,0,1,1,0,0.167703294032438,Detected by Isolation Forest pattern analysis
2860,Normal/Others,WS/MP18221/2025-2026/140950-Lighting of public spaces,Uttar Pradesh,JALAUN(DISTRICT MAGISTRATE JALAUN_IDA),NARAYAN DAS AHIRWAR,JALAUN(SC),MS pole with LED Semi High Mast Light,15-Sep-2024,2025-06-06,243000.0,Vendor Identification,WS/MP18221/2025-2026/140950,15-Sep-2024,243000.0,,,97173.0,1.0,2026-09-03,0,0.3998888888888889,0.3998888888888889,459.0,0,1,1,0,0.167703294032438,Detected by Isolation Forest pattern analysis
2861,Normal/Others,WS/MP18221/2025-2026/140951-Lighting of public spaces,Uttar Pradesh,JALAUN(DISTRICT MAGISTRATE JALAUN_IDA),NARAYAN DAS AHIRWAR,JALAUN(SC),MS pole with LED Semi High Mast Light,15-Sep-2024,2025-06-06,243000.0,Vendor Identification,WS/MP18221/2025-2026/140951,15-Sep-2024,243000.0,,,97173.0,1.0,2026-09-03,0,0.3998888888888889,0.3998888888888889,459.0,0,1,1,0,0.167703294032438,Detected by Isolation Forest pattern analysis
2862,Normal/Others,WS/MP18221/2025-2026/140952-Lighting of public spaces,Uttar Pradesh,JALAUN(DISTRICT MAGISTRATE JALAUN_IDA),NARAYAN DAS AHIRWAR,JALAUN(SC),MS pole with LED Semi High Mast Light,15-Sep-2024,2025-06-06,243000.0,Vendor Identification,WS/MP18221/2025-2026/140952,15-Sep-2024,243000.0,,,97173.0,1.0,2026-09-03,0,0.3998888888888889,0.3998888888888889,459.0,0,1,1,0,0.167703294032438,Detected by Isolation Forest pattern analysis
2863,Normal/Others,WS/MP18221/2025-2026/140954-Lighting of public spaces,Uttar Pradesh,JALAUN(DISTRICT MAGISTRATE JALAUN_IDA),NARAYAN DAS AHIRWAR,JALAUN(SC),MS pole with LED Semi High Mast Light,15-Sep-2024,2025-06-06,243000.0,Vendor Identification,WS/MP18221/2025-2026/140954,15-Sep-2024,243000.0,,,97173.0,1.0,2026-09-03,0,0.3998888888888889,0.3998888888888889,459.0,0,1,1,0,0.167703294032438,Detected by Isolation Forest pattern analysis
2864,Normal/Others,WS/MP18221/2025-2026/140955-Lighting of public spaces,Uttar Pradesh,JALAUN(DISTRICT MAGISTRATE JALAUN_IDA),NARAYAN DAS AHIRWAR,JALAUN(SC),MS pole with LED Semi High Mast Light,15-Sep-2024,2025-06-06,243000.0,Vendor Identification,WS/MP18221/2025-2026/140955,15-Sep-2024,243000.0,,,97173.0,1.0,2026-09-03,0,0.3998888888888889,0.3998888888888889,459.0,0,1,1,0,0.167703294032438,Detected by Isolation Forest pattern analysis
2869,Normal/Others,WS/MP18221/2025-2026/140960-Lighting of public spaces,Uttar Pradesh,JALAUN(DISTRICT MAGISTRATE JALAUN_IDA),NARAYAN DAS AHIRWAR,JALAUN(SC),MS pole with LED Semi High Mast LIght,15-Sep-2024,2025-06-06,243000.0,Vendor Identification,WS/MP18221/2025-2026/140960,15-Sep-2024,243000.0,,,97173.0,1.0,2026-09-03,0,0.3998888888888889,0.3998888888888889,459.0,0,1,1,0,0.167703294032438,Detected by Isolation Forest pattern analysis
2871,Normal/Others,WS/MP18221/2025-2026/140962-Lighting of public spaces,Uttar Pradesh,JALAUN(DISTRICT MAGISTRATE JALAUN_IDA),NARAYAN DAS AHIRWAR,JALAUN(SC),MS pole with LED Semi High Mast LIght,15-Sep-2024,2025-06-06,243000.0,Vendor Identification,WS/MP18221/2025-2026/140962,15-Sep-2024,243000.0,,,97173.0,1.0,2026-09-03,0,0.3998888888888889,0.3998888888888889,459.0,0,1,1,0,0.167703294032438,Detected by Isolation Forest pattern analysis
2872,Normal/Others,WS/MP18221/2025-2026/140963-Lighting of public spaces,Uttar Pradesh,JALAUN(DISTRICT MAGISTRATE JALAUN_IDA),NARAYAN DAS AHIRWAR,JALAUN(SC),MS pole with LED Semi High Mast LIght,15-Sep-2024,2025-06-06,243000.0,Vendor Identification,WS/MP18221/2025-2026/140963,15-Sep-2024,243000.0,,,97173.0,1.0,2026-09-03,0,0.3998888888888889,0.3998888888888889,459.0,0,1,1,0,0.167703294032438,Detected by Isolation Forest pattern analysis
2920,Normal/Others,WS/MP18311/2024-2025/141027-Construction of community centers and community halls,Punjab,RUPNAGAR(DEPUTY COMMISSIONER ROOPNAGAR_IDA),MALVINDER SINGH KANG,ANANDPUR SAHIB,Construction of community centers at village Madhopur,16-Sep-2024,2024-09-24,700000.0,Work partially Completed,WS/MP18311/2024-2025/141027,16-Sep-2024,700000.0,,,125000.0,1.0,2026-05-04,0,0.1785714285714285,0.1785714285714285,714.0,0,1,1,0,0.010565521084066054,Project age unusually high
2945,Normal/Others,"WS/MP18161/2024-2025/141088-Construction of roads, link roads, pathways or any other road with or without drainage system",Rajasthan,BHARATPUR(DISTRICT COLLECTOR BHARATPUR_IDA),SANJNA JATAV,BHARATPUR(SC),cc/interlocking with nali nirman karya mukhya sadak se balli ke ghar ghar ki tARAF GRAM moroli work agency gp jaspura moroli,15-Sep-2024,2024-12-17,500000.0,Work partially Completed,WS/MP18161/2024-2025/141088,15-Sep-2024,500000.0,,,124036.0,14.0,2026-08-30,0,0.248072,0.248072,630.0,0,1,-1,1,-0.0810945426423072,Unusually high number of payments
2998,Normal/Others,WS/MP18152/2024-2025/141161-Development of public parks,Punjab,MOGA(Deputy Commissioner Moga),SARABJEET SINGH KHALSA,FARIDKOT(SC),Development of public park,16-Sep-2024,2025-01-10,300000.0,Vendor Identification,WS/MP18152/2024-2025/141161,16-Sep-2024,300000.0,,,300000.0,6.0,2026-02-18,0,1.0,1.0,606.0,0,1,1,0,0.06284304331360624,Unusually high number of payments
3152,Normal/Others,"WS/MP18006/2024-2025/141549-Construction of roads, link roads, pathways or any other road with or without drainage system",Andhra Pradesh,Tirupati(DISTRICT COLLECTOR TIRUPATI_IDA),DAGGUMALLA PRASADA RAO,CHITTOOR,"Construction of CC Road from Bhaskara House to Ramesh House at Jinkalamitta ST Colony Village,  Damalacheruvu GP of Pakala Mandal, Chandragiri Constituency.",18-Sep-2024,2024-10-28,490000.0,Work Completed,WS/MP18006/2024-2025/141549,18-Sep-2024,490000.0,2026-04-20,468835.0,468835.0,1.0,2026-04-20,1,0.9568061224489796,0.9568061224489796,680.0,0,0,1,0,0.07991611723241776,Detected by Isolation Forest pattern analysis
3166,Normal/Others,WS/MP18155/2024-2025/141574-Crematoriums/energy efficient crematoriums or structures on burial/cremation ground,Punjab,HOSHIARPUR(DEPUTY COMMISSIONER HOSHIARPUR_IDA),DR. RAJ KUMAR CHABBEWAL,HOSHIARPUR(SC),Construction of Shamshan Ghat,18-Sep-2024,2024-11-13,400000.0,Work partially Completed,WS/MP18155/2024-2025/141574,18-Sep-2024,400000.0,,,324100.0,4.0,2026-06-14,0,0.81025,0.81025,664.0,0,1,-1,1,-0.019261284298585202,Unusually high number of payments
3171,Normal/Others,WS/MP18144/2024-2025/141587-Construction of footpaths and pedestrian ways,Odisha,KALAHANDI(DISTRICT COLLECTOR KALAHANDI_IDA),MALVIKA DEVI,KALAHANDI,Construction of Walking step towards the Bisamagiri Dorki Temple.,20-Sep-2024,2024-11-19,600000.0,Vendor Identification,WS/MP18144/2024-2025/141587,20-Sep-2024,600000.0,,,600000.0,1.0,2026-05-29,0,1.0,1.0,658.0,0,1,1,0,0.19086105617805632,Detected by Isolation Forest pattern analysis
3198,Normal/Others,WS/MP18056/2024-2025/141634-Construction of community centers and community halls,Gujarat,RAJKOT(DISTRICT COLLECTOR RAJKOT_IDA),PARSHOTTAMBHAI RUPALA,RAJKOT,Construction of Community Halls at Schedule Caste Area at Village Kharachiya (Jam),19-Sep-2024,2025-02-01,838978.0,Physical Inspection,WS/MP18056/2024-2025/141634,19-Sep-2024,838978.0,2026-02-03,838978.0,838978.0,1.0,2026-02-03,1,1.0,1.0,584.0,0,0,1,0,0.20659349502686886,Detected by Isolation Forest pattern analysis
3201,Normal/Others,WS/MP18056/2024-2025/141637-Providing drains and gutters for public drainage,Gujarat,RAJKOT(DISTRICT COLLECTOR RAJKOT_IDA),PARSHOTTAMBHAI RUPALA,RAJKOT,Pavar Block Road and Underground Drains at Village Meghpar,19-Sep-2024,2025-01-04,400000.0,Physical Inspection,WS/MP18056/2024-2025/141637,19-Sep-2024,400000.0,2026-03-30,400000.0,400000.0,1.0,2026-03-16,1,1.0,1.0,612.0,0,0,1,0,0.21007786023879566,Detected by Isolation Forest pattern analysis
3226,Normal/Others,"WS/MP422/2025-2026/141663-Construction of roads, link roads, pathways or any other road with or without drainage system",Bihar,SUPAUL(DISTRICT PLANNING OFFICER SUPAUL_IDA),Dileshwar Kamait,SUPAUL,SADAK KI UCHAIKARAN TATHA PCC DHALAI KARYA,18-Sep-2024,2025-09-10,1462770.0,Physical Inspection,WS/MP422/2025-2026/141663,18-Sep-2024,1462770.0,2026-03-18,1462770.0,1462770.0,1.0,2026-01-29,1,1.0,1.0,363.0,0,0,1,0,0.16590458198543528,Detected by Isolation Forest pattern analysis
3257,Normal/Others,WS/MP18155/2024-2025/141701-Development of public parks,Punjab,HOSHIARPUR(DEPUTY COMMISSIONER HOSHIARPUR_IDA),DR. RAJ KUMAR CHABBEWAL,HOSHIARPUR(SC),Construction of Park,19-Sep-2024,2024-09-23,200000.0,Physical Inspection,WS/MP18155/2024-2025/141701,19-Sep-2024,200000.0,2026-01-27,200000.0,200000.0,4.0,2026-01-10,1,1.0,1.0,715.0,0,0,1,0,0.04476673826067956,Project age unusually high; Unusually high number of payments
3260,Normal/Others,"WS/MP18155/2024-2025/141704-Construction of roads, link roads, pathways or any other road with or without drainage system",Punjab,HOSHIARPUR(DEPUTY COMMISSIONER HOSHIARPUR_IDA),DR. RAJ KUMAR CHABBEWAL,HOSHIARPUR(SC),Construction of Streets & Drains,19-Sep-2024,2024-09-23,200000.0,Physical Inspection,WS/MP18155/2024-2025/141704,19-Sep-2024,200000.0,2026-02-04,200000.0,57500.0,2.0,2026-01-14,1,0.2875,0.2875,715.0,0,0,-1,1,-0.02083127469079804,Project age unusually high
3299,Normal/Others,"WS/MP18155/2024-2025/141775-Construction of roads, link roads, pathways or any other road with or without drainage system",Punjab,HOSHIARPUR(DEPUTY COMMISSIONER HOSHIARPUR_IDA),DR. RAJ KUMAR CHABBEWAL,HOSHIARPUR(SC),Construction of Streets & Drains,20-Sep-2024,2024-09-23,200000.0,Physical Inspection,WS/MP18155/2024-2025/141775,20-Sep-2024,200000.0,2026-02-04,200000.0,91000.0,2.0,2026-01-29,1,0.455,0.455,715.0,0,0,-1,1,-0.018607702719844244,Project age unusually high
3330,Normal/Others,"WS/MP351/2025-2026/141849-Construction of roads, link roads, pathways or any other road with or without drainage system",Kerala,KANNUR(DISTRICT COLLECTOR KANNUR_IDA),Shri Kumbakudi Sudhakaran,KANNUR,Gandhi Smaraka Thazhe Chalil Road-Tarring-,19-Sep-2024,2026-02-19,700000.0,Physical Inspection,WS/MP351/2025-2026/141849,19-Sep-2024,700000.0,2026-05-15,671276.0,671276.0,1.0,2026-05-15,1,0.9589657142857144,0.9589657142857144,201.0,0,0,1,0,0.06361697790302057,Detected by Isolation Forest pattern analysis
3331,Normal/Others,WS/MP18278/2025-2026/141850-Crematoriums/energy efficient crematoriums or structures on burial/cremation ground,Chhattisgarh,SAKTI(COLLECTOR SAKTI_IDA),KAMLESH JANGDE,JANJGIR CHAMPA(SC),GRAM ADBHAR ME (MUKTIDHAM NIRMARAN),19-Sep-2024,2026-02-05,250000.0,Vendor Identification,WS/MP18278/2025-2026/141850,19-Sep-2024,250000.0,,,187500.0,1.0,2026-05-11,0,0.75,0.75,215.0,0,1,-1,1,-0.0005013112255343177,Detected by Isolation Forest pattern analysis
3332,Normal/Others,"WS/MP351/2025-2026/141853-Construction of roads, link roads, pathways or any other road with or without drainage system",Kerala,KANNUR(DISTRICT COLLECTOR KANNUR_IDA),Shri Kumbakudi Sudhakaran,KANNUR,Chakkarakkal Kollikkampoyil Road-Tarring,19-Sep-2024,2026-02-18,700000.0,Physical Inspection,WS/MP351/2025-2026/141853,19-Sep-2024,700000.0,2026-02-23,655610.0,655610.0,1.0,2026-02-23,1,0.9365857142857142,0.9365857142857142,202.0,0,0,1,0,0.04860224119317036,Detected by Isolation Forest pattern analysis
3333,Normal/Others,"WS/MP351/2025-2026/141857-Construction of roads, link roads, pathways or any other road with or without drainage system",Kerala,KANNUR(DISTRICT COLLECTOR KANNUR_IDA),Shri Kumbakudi Sudhakaran,KANNUR,Vattipram Vayal Minnur Kshethra Road Tarring,19-Sep-2024,2026-02-19,1000000.0,Work partially Completed,WS/MP351/2025-2026/141857,19-Sep-2024,1000000.0,,,980140.0,1.0,2026-07-10,0,0.98014,0.98014,201.0,0,1,1,0,0.07637330378064267,Detected by Isolation Forest pattern analysis
3335,Normal/Others,"WS/MP351/2025-2026/141865-Construction of roads, link roads, pathways or any other road with or without drainage system",Kerala,KANNUR(DISTRICT COLLECTOR KANNUR_IDA),Shri Kumbakudi Sudhakaran,KANNUR,Neerveli-Kulamkunnath kattilpura -Road-Tarring,19-Sep-2024,2026-02-27,500000.0,Work Completed,WS/MP351/2025-2026/141865,19-Sep-2024,500000.0,2026-03-03,496254.0,496254.0,1.0,2026-03-03,1,0.992508,0.992508,193.0,0,0,1,0,0.09947474444795934,Detected by Isolation Forest pattern analysis
3341,Normal/Others,WS/MP18152/2024-2025/141888-Construction of community centers and community halls,Punjab,MOGA(Deputy Commissioner Moga),SARABJEET SINGH KHALSA,FARIDKOT(SC),Construction of community centers and community halls,20-Sep-2024,2024-12-03,2000000.0,Vendor Identification,WS/MP18152/2024-2025/141888,20-Sep-2024,2000000.0,,,144120.0,2.0,2026-01-27,0,0.07206,0.07206,644.0,0,1,1,0,0.04249148516772272,Detected by Isolation Forest pattern analysis
3345,Normal/Others,WS/MP582/2025-2026/141896-Lighting of public spaces,Gujarat,TAPI(District collector Tapi_IDA),Prabhubhai Nagarbhai Vasava,BARDOLI(ST),"the following facility work regarding placing electricity pole near the field in front of the P.S., fixing till commissioning 11.00 M.T.R.G.I. Tuber Light Poles with 150 Volt 6 Flooded LEDs Lights Attachment and Leader with 1 Year Maintenance Work Nos.1, at Kanjan village near Govaldev temple Taluka Vyara District Tapi",20-Sep-2024,2025-05-28,146500.0,Physical Inspection,WS/MP582/2025-2026/141896,20-Sep-2024,146500.0,2026-01-09,146500.0,146500.0,1.0,2026-01-09,1,1.0,1.0,468.0,0,0,1,0,0.18739402307114328,Detected by Isolation Forest pattern analysis
3348,Normal/Others,WS/MP582/2025-2026/141913-Lighting of public spaces,Gujarat,TAPI(District collector Tapi_IDA),Prabhubhai Nagarbhai Vasava,BARDOLI(ST),"the following facility work regarding placing electricity pole near the field in front of the P.S., fixing till commissioning 11.00 M.T.R.G.I. Tuber Light Poles with 150 Volt 6 Flooded LEDs Lights Attachment and Leader with 1 Year Maintenance Work Nos.1, at Borkhadi village Near Jawahar Navodaya Vidyalaya, Taluka Vyara, District Tapi",20-Sep-2024,2025-05-28,146500.0,Physical Inspection,WS/MP582/2025-2026/141913,20-Sep-2024,146500.0,2026-01-09,146500.0,146500.0,1.0,2026-01-09,1,1.0,1.0,468.0,0,0,1,0,0.18739402307114328,Detected by Isolation Forest pattern analysis
3422,Normal/Others,"WS/MP632/2025-2026/142067-Construction of roads, link roads, pathways or any other road with or without drainage system",Kerala,KOTTAYAM(DISTRICT COLLECTOR KOTTAYAM_IDA),Anto Antony,PATHANAMTHITTA,Interlock and Concreting of St. Mary’s Shrine – Anakkayam Road. (Thampalakkadu) in Kanjirappally Grama Panchayat.,20-Sep-2024,2025-04-26,496079.0,Physical Inspection,WS/MP632/2025-2026/142067,20-Sep-2024,496079.0,2026-05-14,496079.0,496079.0,1.0,2026-05-14,1,1.0,1.0,500.0,0,0,1,0,0.19392303359090268,Detected by Isolation Forest pattern analysis
3429,Normal/Others,WS/MP632/2024-2025/142075-Purchase of books and periodicals for libraries/digitization of library books,Kerala,KOTTAYAM(DISTRICT COLLECTOR KOTTAYAM_IDA),Anto Antony,PATHANAMTHITTA,Providing Library Books to C. Kesavan Memorial Higher Secondary School in Koruthodu Grama Panchayat.,20-Sep-2024,2025-02-28,50000.0,Physical Inspection,WS/MP632/2024-2025/142075,20-Sep-2024,50000.0,2026-04-13,50000.0,50000.0,1.0,2026-04-13,1,1.0,1.0,557.0,0,0,1,0,0.20095845568830878,Detected by Isolation Forest pattern analysis
3438,Normal/Others,WS/MP743/2024-2025/142090-Construction of bus-sheds or bus-stops,Tamil Nadu,Kancheepuram(DISTRICT COLLECTOR KANCHEEPURAM_IDA),Ganesan Selvam,KANCHEEPURAM(SC),"Construction of Bus Shelter at Vaiyavur Colony, Vaiyavur Panchayat in Walajabad Panchayat Union.",20-Sep-2024,2025-03-27,498490.0,Physical Inspection,WS/MP743/2024-2025/142090,20-Sep-2024,498490.0,2026-02-25,498490.0,498490.0,1.0,2026-02-25,1,1.0,1.0,530.0,0,0,1,0,0.20374572320032458,Detected by Isolation Forest pattern analysis
3453,Normal/Others,WS/MP429/2024-2025/142113-Construction of community centers and community halls,Chhattisgarh,KORBA(Collector-Korba),Jyotsna Charandas Mahant,KORBA,Construction of Covered Manch behind Kabir Bhawan( Samudayik Bhawan ) in Ward 51.,20-Sep-2024,2025-02-25,500000.0,Work partially Completed,WS/MP429/2024-2025/142113,20-Sep-2024,500000.0,,,250000.0,1.0,2026-04-21,0,0.5,0.5,560.0,0,1,1,0,0.09994528575365236,Detected by Isolation Forest pattern analysis
3479,Normal/Others,"WS/MP727/2024-2025/142175-Purchase of IT systems, including hardware and software for educational purposes",Rajasthan,KOTA(DISTRICT COLLECTOR KOTA_IDA),Om Birla,KOTA,"Navsrajit Cybar Thana Kota Shahar Hetu Computers Printer May Scaner Laptops May Anya Aawashyak Upkaran V Sansadhan Uplabdh Karwane Ka Kary.  Place-Kota,  Recommended Amount- 15.00 Lakh Rs., Implementing Agency - S.P. Kota City (06 Dated 18.09.2024)",21-Sep-2024,2024-12-03,1500000.0,Work partially Completed,WS/MP727/2024-2025/142175,21-Sep-2024,1500000.0,,,66000.0,1.0,2026-05-14,0,0.044,0.044,644.0,0,1,1,0,0.07365861877669999,Detected by Isolation Forest pattern analysis
3592,Normal/Others,WS/MP386/2024-2025/142507-Construction of rooms and halls in school and colleges,Rajasthan,NAGAUR(DISTRICT COLLECTOR NAGAUR_IDA),Shri Hanuman Beniwal,NAGAUR,"Construction of Digital Library in Govt S.S.School,Kantiya",22-Sep-2024,2024-12-06,1499850.0,Physical Inspection,WS/MP386/2024-2025/142507,22-Sep-2024,1499850.0,2026-05-11,1499850.0,254475.0,1.0,2026-05-06,1,0.1696669666966696,0.1696669666966696,641.0,0,0,1,0,0.06791243697209459,Detected by Isolation Forest pattern analysis
3715,Normal/Others,"WS/MP18219/2025-2026/142650-Construction of roads, link roads, pathways or any other road with or without drainage system",Uttar Pradesh,MAHOBA(DISTRICT MAGISTRAE MAHOBA_IDA),AJENDRA SINGH LODHI,HAMIRPUR_UP,BARELAL KE MAKAAN SE RAMSINGH PAL KE MAKAAN TAK C.C. ROAD NIRMAN WARK 50 MITER,19-Nov-2024,2025-08-23,400000.0,Vendor Identification,WS/MP18219/2025-2026/142650,19-Nov-2024,400000.0,,,92367.0,1.0,2026-03-12,0,0.2309175,0.2309175,381.0,0,1,1,0,0.02990502305379017,Detected by Isolation Forest pattern analysis
3721,Normal/Others,WS/MP716/2024-2025/142660-Construction of buildings for multi-gym,Punjab,MANSA(DEPUTY COMMISSIONER MANSA_IDA),Smt Harsimrat Kaur Badal,BHATINDA,Construction of Gym Room,23-Sep-2024,2024-11-22,199999.0,Physical Inspection,WS/MP716/2024-2025/142660,23-Sep-2024,199999.0,2026-03-09,199999.0,123022.0,5.0,2026-02-27,1,0.6151130755653779,0.6151130755653779,655.0,0,0,-1,1,-0.03623874961722462,Unusually high number of payments
3722,Normal/Others,WS/MP716/2024-2025/142661-Installation of multi-gym equipment,Punjab,MANSA(DEPUTY COMMISSIONER MANSA_IDA),Smt Harsimrat Kaur Badal,BHATINDA,Purchase of Gym Equipment,23-Sep-2024,2024-11-22,150000.0,Vendor Identification,WS/MP716/2024-2025/142661,23-Sep-2024,150000.0,,,150000.0,1.0,2026-08-26,0,1.0,1.0,655.0,0,1,1,0,0.19080270693608514,Detected by Isolation Forest pattern analysis
3745,Normal/Others,"WS/MP18311/2024-2025/142721-Construction of rooms and facilities for hospitals, FWC , PHC Centers and ANM centers",Punjab,RUPNAGAR(DEPUTY COMMISSIONER ROOPNAGAR_IDA),MALVINDER SINGH KANG,ANANDPUR SAHIB,"Construction of rooms and facilities for hospitals, FWC , PHC Centers and ANM center at village Akabarpur",24-Sep-2024,2024-11-04,200000.0,Vendor Identification,WS/MP18311/2024-2025/142721,24-Sep-2024,200000.0,,,24128.0,1.0,2026-09-03,0,0.12064,0.12064,673.0,0,1,1,0,0.048455357529844534,Detected by Isolation Forest pattern analysis
3756,Normal/Others,WS/MP18311/2024-2025/142735-Construction of rooms and halls in school and colleges,Punjab,RUPNAGAR(DEPUTY COMMISSIONER ROOPNAGAR_IDA),MALVINDER SINGH KANG,ANANDPUR SAHIB,Construction of rooms in govt school at village bhagalan,24-Sep-2024,2024-11-04,200000.0,Vendor Identification,WS/MP18311/2024-2025/142735,24-Sep-2024,200000.0,,,29064.0,2.0,2026-09-01,0,0.14532,0.14532,673.0,0,1,1,0,0.034915265309996335,Detected by Isolation Forest pattern analysis
3784,Normal/Others,WS/MP743/2025-2026/142807-Installing community drinking water plants,Tamil Nadu,CHENGALPATTU(District Collector Chengalpattu_IDA),Ganesan Selvam,KANCHEEPURAM(SC),"Construction of RO Plant at Merku Cheyyur, Lathur Panchayat Union.",23-Sep-2024,2026-02-06,750000.0,Work Completed,WS/MP743/2025-2026/142807,23-Sep-2024,750000.0,2026-02-11,749986.0,749986.0,1.0,2026-02-11,1,0.9999813333333334,0.9999813333333334,214.0,0,0,1,0,0.16042172602478316,Detected by Isolation Forest pattern analysis
3957,Normal/Others,WS/MP18380/2024-2025/143214-Lighting of public spaces,Uttar Pradesh,PRAYAGRAJ(DISTRICT MAGISTRAE ALLAHABAD_IDA),VINOD KUMAR BIND,BHADOHI,Gram Sabha Jagua Sodha me chaurahe par panchayat Bhawan ke pas,24-Sep-2024,2025-01-22,121500.0,Work partially Completed,WS/MP18380/2024-2025/143214,24-Sep-2024,121500.0,,,118957.0,1.0,2026-09-05,0,0.9790699588477366,0.9790699588477366,594.0,0,1,1,0,0.1375766245093561,Detected by Isolation Forest pattern analysis
3959,Normal/Others,WS/MP18380/2024-2025/143216-Lighting of public spaces,Uttar Pradesh,PRAYAGRAJ(DISTRICT MAGISTRAE ALLAHABAD_IDA),VINOD KUMAR BIND,BHADOHI,Gram Sabha Tela ke Lalapur me Shayar mata Mandir ke pas sadak par,24-Sep-2024,2025-01-22,121500.0,Work partially Completed,WS/MP18380/2024-2025/143216,24-Sep-2024,121500.0,,,118957.0,1.0,2026-09-05,0,0.9790699588477366,0.9790699588477366,594.0,0,1,1,0,0.1375766245093561,Detected by Isolation Forest pattern analysis
3965,Normal/Others,"WS/MP350/2025-2026/143224-Construction of roads, link roads, pathways or any other road with or without drainage system",Kerala,KANNUR(DISTRICT COLLECTOR KANNUR_IDA),Shri Rajmohan Unnithan,KASARAGOD,Construction and Tarring/Concrete work for the Podithadam SC Colony Road in Ward 8 of Ezhom Grama Panchayath (First or second reach as required by concerend LGIs) [Work to be included under SC Category],24-Sep-2024,2026-02-19,600000.0,Physical Inspection,WS/MP350/2025-2026/143224,24-Sep-2024,600000.0,2026-05-04,526192.0,526192.0,1.0,2026-05-05,1,0.8769866666666667,0.8769866666666667,201.0,0,0,1,0,0.030294696082230232,Detected by Isolation Forest pattern analysis
4030,Normal/Others,WS/MP18380/2024-2025/143294-Lighting of public spaces,Uttar Pradesh,PRAYAGRAJ(DISTRICT MAGISTRAE ALLAHABAD_IDA),VINOD KUMAR BIND,BHADOHI,Gram Sabha Sansaripur me Baijnath Uchchatar Madhyamik School par,24-Sep-2024,2025-01-15,121500.0,Work partially Completed,WS/MP18380/2024-2025/143294,24-Sep-2024,121500.0,,,118957.0,1.0,2026-09-05,0,0.9790699588477366,0.9790699588477366,601.0,0,1,1,0,0.1399211327914499,Detected by Isolation Forest pattern analysis
4061,Normal/Others,WS/MP18219/2025-2026/143331-Construction of common work sheds/ common covered sitting area,Uttar Pradesh,MAHOBA(DISTRICT MAGISTRAE MAHOBA_IDA),AJENDRA SINGH LODHI,HAMIRPUR_UP,mahobkanth me kankuaa tigela par stainless steel (febicated) yatri shed,19-Nov-2024,2025-06-10,700000.0,Vendor Identification,WS/MP18219/2025-2026/143331,19-Nov-2024,700000.0,,,416318.0,1.0,2026-04-21,0,0.59474,0.59474,455.0,0,1,1,0,0.08583850970496731,Detected by Isolation Forest pattern analysis
4062,Normal/Others,WS/MP18219/2025-2026/143332-Construction of common work sheds/ common covered sitting area,Uttar Pradesh,MAHOBA(DISTRICT MAGISTRAE MAHOBA_IDA),AJENDRA SINGH LODHI,HAMIRPUR_UP,khairau kalan tigela road par stainless steel (febricated) yatri shed,19-Nov-2024,2025-06-10,700000.0,Vendor Identification,WS/MP18219/2025-2026/143332,19-Nov-2024,700000.0,,,416318.0,1.0,2026-04-21,0,0.59474,0.59474,455.0,0,1,1,0,0.08583850970496731,Detected by Isolation Forest pattern analysis
4063,Normal/Others,WS/MP18219/2025-2026/143333-Construction of common work sheds/ common covered sitting area,Uttar Pradesh,MAHOBA(DISTRICT MAGISTRAE MAHOBA_IDA),AJENDRA SINGH LODHI,HAMIRPUR_UP,gadhau tigela NH road par stainless steel (febricated) yatri shed,19-Nov-2024,2025-06-10,700000.0,Vendor Identification,WS/MP18219/2025-2026/143333,19-Nov-2024,700000.0,,,416318.0,1.0,2026-04-21,0,0.59474,0.59474,455.0,0,1,1,0,0.08583850970496731,Detected by Isolation Forest pattern analysis
4064,Normal/Others,WS/MP18219/2025-2026/143334-Construction of common work sheds/ common covered sitting area,Uttar Pradesh,MAHOBA(DISTRICT MAGISTRAE MAHOBA_IDA),AJENDRA SINGH LODHI,HAMIRPUR_UP,khama me ravatpura tigela road par stainless steel (febricated) yatri shed,19-Nov-2024,2025-06-10,700000.0,Vendor Identification,WS/MP18219/2025-2026/143334,19-Nov-2024,700000.0,,,416318.0,1.0,2026-07-17,0,0.59474,0.59474,455.0,0,1,1,0,0.08583850970496731,Detected by Isolation Forest pattern analysis
4065,Normal/Others,WS/MP18219/2025-2026/143335-Construction of common work sheds/ common covered sitting area,Uttar Pradesh,MAHOBA(DISTRICT MAGISTRAE MAHOBA_IDA),AJENDRA SINGH LODHI,HAMIRPUR_UP,nakra me aafatpura tigela road par stainless steel (febricated) yatri shed,19-Nov-2024,2025-06-10,700000.0,Vendor Identification,WS/MP18219/2025-2026/143335,19-Nov-2024,700000.0,,,416318.0,1.0,2026-04-21,0,0.59474,0.59474,455.0,0,1,1,0,0.08583850970496731,Detected by Isolation Forest pattern analysis
4066,Normal/Others,WS/MP18219/2025-2026/143336-Construction of common work sheds/ common covered sitting area,Uttar Pradesh,MAHOBA(DISTRICT MAGISTRAE MAHOBA_IDA),AJENDRA SINGH LODHI,HAMIRPUR_UP,bela tal me shrinagar tigela road par stainless steel (febricated) yatri shed,19-Nov-2024,2025-06-10,700000.0,Work Completed,WS/MP18219/2025-2026/143336,19-Nov-2024,700000.0,2026-01-22,698961.0,297530.0,1.0,2026-03-12,1,0.4250428571428571,0.4250428571428571,455.0,0,0,1,0,0.0987318353954757,Detected by Isolation Forest pattern analysis
4067,Normal/Others,WS/MP18219/2025-2026/143337-Construction of common work sheds/ common covered sitting area,Uttar Pradesh,MAHOBA(DISTRICT MAGISTRAE MAHOBA_IDA),AJENDRA SINGH LODHI,HAMIRPUR_UP,gaun gudha tigela masudpura road par stainless steel (febricated) yatri shed,19-Nov-2024,2025-06-10,700000.0,Vendor Identification,WS/MP18219/2025-2026/143337,19-Nov-2024,700000.0,,,297530.0,1.0,2026-03-12,0,0.4250428571428571,0.4250428571428571,455.0,0,1,1,0,0.0987318353954757,Detected by Isolation Forest pattern analysis
4068,Normal/Others,WS/MP18219/2025-2026/143338-Construction of common work sheds/ common covered sitting area,Uttar Pradesh,MAHOBA(DISTRICT MAGISTRAE MAHOBA_IDA),AJENDRA SINGH LODHI,HAMIRPUR_UP,kotra me nahar pul ke pass stainless steel (febricated) yatri shed,19-Nov-2024,2025-06-10,700000.0,Vendor Identification,WS/MP18219/2025-2026/143338,19-Nov-2024,700000.0,,,297530.0,1.0,2026-03-12,0,0.4250428571428571,0.4250428571428571,455.0,0,1,1,0,0.0987318353954757,Detected by Isolation Forest pattern analysis
4070,Normal/Others,WS/MP18219/2025-2026/143341-Construction of common work sheds/ common covered sitting area,Uttar Pradesh,MAHOBA(DISTRICT MAGISTRAE MAHOBA_IDA),AJENDRA SINGH LODHI,HAMIRPUR_UP,srinagar me belatal tigela par stainless steel (febricated) yatri shed,19-Nov-2024,2025-06-10,700000.0,Vendor Identification,WS/MP18219/2025-2026/143341,19-Nov-2024,700000.0,,,297530.0,1.0,2026-03-12,0,0.4250428571428571,0.4250428571428571,455.0,0,1,1,0,0.0987318353954757,Detected by Isolation Forest pattern analysis
4071,Normal/Others,WS/MP18219/2025-2026/143342-Construction of common work sheds/ common covered sitting area,Uttar Pradesh,MAHOBA(DISTRICT MAGISTRAE MAHOBA_IDA),AJENDRA SINGH LODHI,HAMIRPUR_UP,charkhari me gorhari road par stainless steel (febricated) yatri shed,19-Nov-2024,2025-06-10,700000.0,Vendor Identification,WS/MP18219/2025-2026/143342,19-Nov-2024,700000.0,,,416318.0,1.0,2026-07-17,0,0.59474,0.59474,455.0,0,1,1,0,0.08583850970496731,Detected by Isolation Forest pattern analysis
4174,Normal/Others,WS/MP18307/2025-2026/143600-Tree plantation for community,Maharashtra,MUMBAI SUBURBAN(DISTRICT COLLECTOR MUMBAI SUBURBAN_IDA),Piyush Vedprakash Goyal,MUMBAI NORTH,Ward 47- Beautification works at Ganga Building Link Road Malad (West),25-Sep-2024,2026-03-25,1500000.0,Work partially Completed,WS/MP18307/2025-2026/143600,25-Sep-2024,1500000.0,,,1498862.0,1.0,2026-07-01,0,0.9992413333333332,0.9992413333333332,167.0,0,1,1,0,0.1364126600867835,Detected by Isolation Forest pattern analysis
4177,Normal/Others,"WS/MP18307/2025-2026/143603-Construction of roads, link roads, pathways or any other road with or without drainage system",Maharashtra,MUMBAI SUBURBAN(DISTRICT COLLECTOR MUMBAI SUBURBAN_IDA),Piyush Vedprakash Goyal,MUMBAI NORTH,"Ward 2 -Construction of Drains and footpaths at Sai Kripa Chawl, Sambhaji Nagar, Dubey Chawl, Babli Pada, Tare Compound, Raja Ram Mhatre Chawl  Bharwad Chawl Dahisar",25-Sep-2024,2026-01-30,2500000.0,Work partially Completed,WS/MP18307/2025-2026/143603,25-Sep-2024,2500000.0,,,2498104.0,1.0,2026-08-19,0,0.9992416,0.9992416,221.0,0,1,1,0,0.15878893170675007,Detected by Isolation Forest pattern analysis
4178,Normal/Others,WS/MP18307/2025-2026/143606-Construction of public toilets and bathrooms,Maharashtra,MUMBAI SUBURBAN(DISTRICT COLLECTOR MUMBAI SUBURBAN_IDA),Piyush Vedprakash Goyal,MUMBAI NORTH,Ward 30 - Construction of Toilets at  Iraniwadi Charkop Kandivali (West),25-Sep-2024,2026-01-30,2000000.0,Work partially Completed,WS/MP18307/2025-2026/143606,25-Sep-2024,2000000.0,,,1998482.0,1.0,2026-08-04,0,0.999241,0.999241,221.0,0,1,1,0,0.1590918561571144,Detected by Isolation Forest pattern analysis
4179,Normal/Others,"WS/MP18307/2025-2026/143607-Construction of roads, link roads, pathways or any other road with or without drainage system",Maharashtra,MUMBAI SUBURBAN(DISTRICT COLLECTOR MUMBAI SUBURBAN_IDA),Piyush Vedprakash Goyal,MUMBAI NORTH,"Ward 7 -   Construction of Sewer and CC Passage Loading at Brahmadev Tiwari Chawl, Shagun Hotel, Nawagaon, Dahisar",25-Sep-2024,2026-03-25,2000000.0,Work partially Completed,WS/MP18307/2025-2026/143607,25-Sep-2024,2000000.0,,,1998481.0,1.0,2026-07-03,0,0.9992405,0.9992405,167.0,0,1,1,0,0.13609438601063334,Detected by Isolation Forest pattern analysis
4180,Normal/Others,WS/MP18307/2025-2026/143608-Construction of public toilets and bathrooms,Maharashtra,MUMBAI SUBURBAN(DISTRICT COLLECTOR MUMBAI SUBURBAN_IDA),Piyush Vedprakash Goyal,MUMBAI NORTH,Ward 36- Re-construction of Toilet at near Madras Pada Kandivali (East),25-Sep-2024,2026-01-30,2000000.0,Work partially Completed,WS/MP18307/2025-2026/143608,25-Sep-2024,2000000.0,,,1998482.0,1.0,2026-08-19,0,0.999241,0.999241,221.0,0,1,1,0,0.1590918561571144,Detected by Isolation Forest pattern analysis
4182,Normal/Others,"WS/MP18307/2025-2026/143610-Construction of roads, link roads, pathways or any other road with or without drainage system",Maharashtra,MUMBAI SUBURBAN(DISTRICT COLLECTOR MUMBAI SUBURBAN_IDA),Piyush Vedprakash Goyal,MUMBAI NORTH,"Ward 13 - Construction of Drainge  and CC Passage, Pavour block at Motiram Mishra Chawl Borivali (East)",25-Sep-2024,2026-01-30,1500000.0,Work partially Completed,WS/MP18307/2025-2026/143610,25-Sep-2024,1500000.0,,,1498861.0,1.0,2026-08-19,0,0.9992406666666668,0.9992406666666668,221.0,0,1,1,0,0.1578789276571823,Detected by Isolation Forest pattern analysis
4183,Normal/Others,WS/MP18307/2025-2026/143611-Tree plantation for community,Maharashtra,MUMBAI SUBURBAN(DISTRICT COLLECTOR MUMBAI SUBURBAN_IDA),Piyush Vedprakash Goyal,MUMBAI NORTH,"Ward 21 - Beautification work at  Dahanukarwadi Junction, Charkop Kandivali (West)",25-Sep-2024,2026-01-30,1500000.0,Work partially Completed,WS/MP18307/2025-2026/143611,25-Sep-2024,1500000.0,,,1485428.0,1.0,2026-02-17,0,0.9902853333333334,0.9902853333333334,221.0,0,1,1,0,0.10261801773383916,Detected by Isolation Forest pattern analysis
4184,Normal/Others,WS/MP18307/2025-2026/143612-Tree plantation for community,Maharashtra,MUMBAI SUBURBAN(DISTRICT COLLECTOR MUMBAI SUBURBAN_IDA),Piyush Vedprakash Goyal,MUMBAI NORTH,Ward 44  - Beautification  of Square near Raheja Township Malad (East),25-Sep-2024,2026-03-25,1500000.0,Work partially Completed,WS/MP18307/2025-2026/143612,25-Sep-2024,1500000.0,,,1485428.0,1.0,2026-07-01,0,0.9902853333333334,0.9902853333333334,167.0,0,1,1,0,0.08423608310283381,Detected by Isolation Forest pattern analysis
4185,Normal/Others,"WS/MP18307/2025-2026/143613-Construction of roads, link roads, pathways or any other road with or without drainage system",Maharashtra,MUMBAI SUBURBAN(DISTRICT COLLECTOR MUMBAI SUBURBAN_IDA),Piyush Vedprakash Goyal,MUMBAI NORTH,"Ward 10 - Construction  of drainge and CC passages, Pavour block at Nutan Nagar Dahisar (West)",25-Sep-2024,2026-01-30,1500000.0,Physical Inspection,WS/MP18307/2025-2026/143613,25-Sep-2024,1500000.0,,,1498861.0,1.0,2026-08-04,0,0.9992406666666668,0.9992406666666668,221.0,0,1,1,0,0.1578789276571823,Detected by Isolation Forest pattern analysis
4199,Normal/Others,WS/MP18311/2024-2025/143656-Construction of community centers and community halls,Punjab,RUPNAGAR(DEPUTY COMMISSIONER ROOPNAGAR_IDA),MALVINDER SINGH KANG,ANANDPUR SAHIB,Construction of community center at village Nurpur Kalan,28-Oct-2024,2024-11-21,700000.0,Work partially Completed,WS/MP18311/2024-2025/143656,28-Oct-2024,700000.0,,,700000.0,13.0,2026-08-26,0,1.0,1.0,656.0,0,1,-1,1,-0.026196195389090016,Unusually high number of payments
4227,Normal/Others,WS/MP18219/2025-2026/143773-Construction of common work sheds/ common covered sitting area,Uttar Pradesh,MAHOBA(DISTRICT MAGISTRAE MAHOBA_IDA),AJENDRA SINGH LODHI,HAMIRPUR_UP,ghutai railway station chauraha par stainless steel (fabricated) yatri shed,19-Nov-2024,2025-06-10,700000.0,Vendor Identification,WS/MP18219/2025-2026/143773,19-Nov-2024,700000.0,,,416318.0,1.0,2026-04-21,0,0.59474,0.59474,455.0,0,1,1,0,0.08583850970496731,Detected by Isolation Forest pattern analysis
4228,Normal/Others,WS/MP18219/2025-2026/143774-Construction of common work sheds/ common covered sitting area,Uttar Pradesh,MAHOBA(DISTRICT MAGISTRAE MAHOBA_IDA),AJENDRA SINGH LODHI,HAMIRPUR_UP,charkhari me supa tigela talab ke pass stainless steel (fabricated) yatri shed,19-Nov-2024,2025-06-10,700000.0,Vendor Identification,WS/MP18219/2025-2026/143774,19-Nov-2024,700000.0,,,416318.0,1.0,2026-07-17,0,0.59474,0.59474,455.0,0,1,1,0,0.08583850970496731,Detected by Isolation Forest pattern analysis
4229,Normal/Others,WS/MP18219/2025-2026/143775-Construction of common work sheds/ common covered sitting area,Uttar Pradesh,MAHOBA(DISTRICT MAGISTRAE MAHOBA_IDA),AJENDRA SINGH LODHI,HAMIRPUR_UP,gaurahari me charkhari tigela par stainless steel (fabricated) yatri shed,19-Nov-2024,2025-06-10,700000.0,Vendor Identification,WS/MP18219/2025-2026/143775,19-Nov-2024,700000.0,,,416318.0,1.0,2026-07-17,0,0.59474,0.59474,455.0,0,1,1,0,0.08583850970496731,Detected by Isolation Forest pattern analysis
4230,Normal/Others,WS/MP18219/2025-2026/143776-Construction of common work sheds/ common covered sitting area,Uttar Pradesh,MAHOBA(DISTRICT MAGISTRAE MAHOBA_IDA),AJENDRA SINGH LODHI,HAMIRPUR_UP,belatal me railway station ke pass stainless steel (fabricated) yatri shed,19-Nov-2024,2025-06-10,700000.0,Vendor Identification,WS/MP18219/2025-2026/143776,19-Nov-2024,700000.0,,,297530.0,1.0,2026-03-12,0,0.4250428571428571,0.4250428571428571,455.0,0,1,1,0,0.0987318353954757,Detected by Isolation Forest pattern analysis
4244,Normal/Others,WS/MP345/2024-2025/143793-Construction of buildings for crèches and anganwadies,Kerala,KOLLAM(DISTRICT COLLECTOR KOLLAM_IDA),Shri NK Premachandran,KOLLAM,"Construction of Building for Anganwadi No. 41, Padinjattekara Ward 23, Thevalakara Gramapanchayat, Chavara Constituency",26-Sep-2024,2025-03-21,1500000.0,Physical Inspection,WS/MP345/2024-2025/143793,26-Sep-2024,1500000.0,,,1274887.0,1.0,2026-01-05,0,0.8499246666666667,0.8499246666666667,536.0,0,1,1,0,0.060268602707511,Detected by Isolation Forest pattern analysis
4246,Normal/Others,WS/MP18183/2024-2025/143806-Construction of community centers and community halls,Tamil Nadu,THANJAVUR(DISTRICT COLLECTOR THANJAVUR_IDA),MURASOLI S,THANJAVUR,"thillaisanam Panchayat, Construction of New PDS Building,thiruvaiyaru",26-Sep-2024,2024-09-27,1350000.0,Physical Inspection,WS/MP18183/2024-2025/143806,26-Sep-2024,1350000.0,2026-08-21,1348754.0,1348754.0,1.0,2026-08-14,1,0.999077037037037,0.999077037037037,711.0,0,0,1,0,0.1326138404339403,Project age unusually high
4269,Repair and Renovation,WS/MP18023/2025-2026/143872-Retrofitting in essential lifeline buildings,Assam,KAMRUP(DEPUTY COMMISSIONER KAMRUP_IDA),BIJULI KALITA MEDHI,GUWAHATI,"Repairing work of Santi Nijara Club House at Bongaon , Bamunigaon , Pin-781141",26-Sep-2024,2026-01-30,500000.0,Vendor Identification,WS/MP18023/2025-2026/143872,26-Sep-2024,500000.0,,,500000.0,2.0,2026-08-18,0,1.0,1.0,221.0,0,1,1,0,0.07067855024184344,Detected by Isolation Forest pattern analysis
4278,Normal/Others,WS/MP429/2025-2026/143881-Construction of buildings for community cultural activities,Chhattisgarh,KORBA(Collector-Korba),Jyotsna Charandas Mahant,KORBA,"Construction of Chhatdar Manch near Siddheshwar Mandir, Jungle Side, Ward 7",26-Sep-2024,2025-04-30,400000.0,Work partially Completed,WS/MP429/2025-2026/143881,26-Sep-2024,400000.0,,,200000.0,1.0,2026-04-13,0,0.5,0.5,496.0,0,1,1,0,0.08769325213245793,Detected by Isolation Forest pattern analysis
4279,Normal/Others,WS/MP429/2024-2025/143882-Construction of public toilets and bathrooms,Chhattisgarh,KORBA(Collector-Korba),Jyotsna Charandas Mahant,KORBA,"Construction of toilets for Male and Female at Kabir Samudayik Bhawan in Ward 47, Jamnipali",26-Sep-2024,2025-02-25,300000.0,Work partially Completed,WS/MP429/2024-2025/143882,26-Sep-2024,300000.0,,,150000.0,1.0,2026-04-22,0,0.5,0.5,560.0,0,1,1,0,0.09994528575365236,Detected by Isolation Forest pattern analysis
4280,Normal/Others,WS/MP429/2024-2025/143883-Construction of additional rooms and halls in the existing public and community building,Chhattisgarh,KORBA(Collector-Korba),Jyotsna Charandas Mahant,KORBA,Renovation of Kabir Samudayik Bhawan in Jamnipali.,26-Sep-2024,2025-02-25,300000.0,Work partially Completed,WS/MP429/2024-2025/143883,26-Sep-2024,300000.0,,,150000.0,1.0,2026-04-22,0,0.5,0.5,560.0,0,1,1,0,0.09994528575365236,Detected by Isolation Forest pattern analysis
4281,Normal/Others,WS/MP429/2025-2026/143884-Construction of common work sheds/ common covered sitting area,Chhattisgarh,KORBA(Collector-Korba),Jyotsna Charandas Mahant,KORBA,Construction of Common Shed for public at Sahu Mohalla near Sai Mandir. Nagar Panchayat - Chhurikala,26-Sep-2024,2025-04-29,250000.0,Work partially Completed,WS/MP429/2025-2026/143884,26-Sep-2024,250000.0,,,125000.0,1.0,2026-04-09,0,0.5,0.5,497.0,0,1,1,0,0.08769325213245793,Detected by Isolation Forest pattern analysis
4287,Normal/Others,"WS/MP18232/2024-2025/143897-Construction of roads, link roads, pathways or any other road with or without drainage system",Uttar Pradesh,MUZAFFARNAGAR(DISTRICT MAGISTRATE MUZAFFARNAGAR_IDA),HARENDRA SINGH MALIK,MUZAFFARNAGAR,"gram-nagala pithora, vikaskhand-baghra, tehsil-sadar me vimal sharma ke khet se ravto ke tyube bel tak brick soling work.",27-Sep-2024,2024-12-18,196800.0,Work partially Completed,WS/MP18232/2024-2025/143897,27-Sep-2024,196800.0,,,78743.0,1.0,2026-08-20,0,0.4001168699186992,0.4001168699186992,629.0,0,1,1,0,0.095900679842566,Detected by Isolation Forest pattern analysis
4306,Normal/Others,"WS/MP18232/2024-2025/143918-Construction of roads, link roads, pathways or any other road with or without drainage system",Uttar Pradesh,MUZAFFARNAGAR(DISTRICT MAGISTRATE MUZAFFARNAGAR_IDA),HARENDRA SINGH MALIK,MUZAFFARNAGAR,"gram-alipurkhurd, vikaskhand-baghra, tehsil-sadar me amrish ke makan se jitendra ke makan tak C C road work.",27-Sep-2024,2024-12-18,297500.0,Work partially Completed,WS/MP18232/2024-2025/143918,27-Sep-2024,297500.0,,,96197.0,1.0,2026-09-02,0,0.3233512605042016,0.3233512605042016,629.0,0,1,1,0,0.0710311306793342,Detected by Isolation Forest pattern analysis
4320,Normal/Others,WS/MP353/2024-2025/143934-Purchase of vans and buses for educational institutions,Kerala,IDUKKI(DISTRICT COLLECTOR IDUKKI_IDA),Adv Dean Kuriakose,IDUKKI,"Purchasing of School Bus for Govt.L.P.School- Third Camp in PampadumparaGramapanchayathu ,Nedumkandom Block.",27-Sep-2024,2025-01-22,2447960.0,Physical Inspection,WS/MP353/2024-2025/143934,27-Sep-2024,2447960.0,2026-02-25,2447960.0,140999.0,1.0,2026-02-26,1,0.0575985718720894,0.0575985718720894,594.0,0,0,1,0,0.07721351846677749,Detected by Isolation Forest pattern analysis
4322,Normal/Others,"WS/MP353/2024-2025/143936-Construction of roads, link roads, pathways or any other road with or without drainage system",Kerala,IDUKKI(DISTRICT COLLECTOR IDUKKI_IDA),Adv Dean Kuriakose,IDUKKI,"Concreting of Mundakkattu Francis pady part in Poothakali-Kannadippara road in KonnathadyPanchayathu, AdimalyBlock.",27-Sep-2024,2024-12-11,877632.0,Physical Inspection,WS/MP353/2024-2025/143936,27-Sep-2024,877632.0,2026-03-23,877632.0,877632.0,1.0,2026-03-23,1,1.0,1.0,636.0,0,0,1,0,0.19859220563769414,Detected by Isolation Forest pattern analysis
4342,Normal/Others,"WS/MP681/2025-2026/143978-Construction of roads, link roads, pathways or any other road with or without drainage system",Maharashtra,PARBHANI(DISTRICT COLLECTOR PARBHANI_IDA),Sanjay Haribhau Jadhav,PARBHANI,"Construction of CC road and Drains at kantheshwar, tal.purna.",03-Oct-2024,2025-09-12,699809.0,Physical Inspection,WS/MP681/2025-2026/143978,03-Oct-2024,699809.0,2026-01-03,699809.0,699809.0,1.0,2026-01-05,1,1.0,1.0,361.0,0,0,1,0,0.1654851304998433,Detected by Isolation Forest pattern analysis
4381,Normal/Others,WS/MP18380/2024-2025/144027-Lighting of public spaces,Uttar Pradesh,PRAYAGRAJ(DISTRICT MAGISTRAE ALLAHABAD_IDA),VINOD KUMAR BIND,BHADOHI,Gram Sabha Dhaurahara me Ajeet Pratap Pal ke Ghar ke pas,27-Sep-2024,2025-01-03,121500.0,Work partially Completed,WS/MP18380/2024-2025/144027,27-Sep-2024,121500.0,,,118957.0,1.0,2026-09-05,0,0.9790699588477366,0.9790699588477366,613.0,0,1,1,0,0.13869266970904015,Detected by Isolation Forest pattern analysis
4407,Normal/Others,WS/MP18380/2024-2025/144058-Lighting of public spaces,Uttar Pradesh,PRAYAGRAJ(DISTRICT MAGISTRAE ALLAHABAD_IDA),VINOD KUMAR BIND,BHADOHI,Gram Sabha Kasrawe May Chak Auliya me Chaurahe par,27-Sep-2024,2025-01-03,121500.0,Work partially Completed,WS/MP18380/2024-2025/144058,27-Sep-2024,121500.0,,,118957.0,1.0,2026-09-05,0,0.9790699588477366,0.9790699588477366,613.0,0,1,1,0,0.13869266970904015,Detected by Isolation Forest pattern analysis
4422,Normal/Others,WS/MP18380/2024-2025/144078-Lighting of public spaces,Uttar Pradesh,PRAYAGRAJ(DISTRICT MAGISTRAE ALLAHABAD_IDA),VINOD KUMAR BIND,BHADOHI,Gram Sabha Kapsa me Ramleela Maidan par,27-Sep-2024,2025-01-03,121500.0,Work partially Completed,WS/MP18380/2024-2025/144078,27-Sep-2024,121500.0,,,118957.0,1.0,2026-09-05,0,0.9790699588477366,0.9790699588477366,613.0,0,1,1,0,0.13869266970904015,Detected by Isolation Forest pattern analysis
4429,Normal/Others,"WS/MP18112/2025-2026/144100-Construction of roads, link roads, pathways or any other road with or without drainage system",Maharashtra,AMRAVATI(DISTRICT COLLECTOR AMRAVATI_IDA),BALWANT BASWANT WANKHADE,AMRAVATI(SC),Construction of road At Bhiwapur Ta Tiosa,27-Sep-2024,2025-05-15,700000.0,Vendor Identification,WS/MP18112/2025-2026/144100,27-Sep-2024,700000.0,,,694428.0,1.0,2026-07-16,0,0.99204,0.99204,481.0,0,1,1,0,0.12617928343072377,Detected by Isolation Forest pattern analysis
4436,Normal/Others,WS/MP18323/2026-2027/144111-Construction of community centers and community halls,Maharashtra,LATUR(DISTRICT COLLECTOR LATUR_IDA),DR KALGE SHIVAJI BANDAPPA,LATUR(SC),"Construction of  Community centre  Hall in Gram Panchayat / Govt owned open space at  Kharola,  Ta.Renapur",27-Sep-2024,2026-05-22,998705.0,Physical Inspection,WS/MP18323/2026-2027/144111,27-Sep-2024,998705.0,,,998705.0,1.0,2026-05-25,0,1.0,1.0,109.0,0,1,1,0,0.11386875098165766,Detected by Isolation Forest pattern analysis
4439,Normal/Others,"WS/MP18323/2026-2027/144117-Construction of roads, link roads, pathways or any other road with or without drainage system",Maharashtra,LATUR(DISTRICT COLLECTOR LATUR_IDA),DR KALGE SHIVAJI BANDAPPA,LATUR(SC),"Asphalting of the road leading to Vasantnagar Tanda Vasti in Mahapur,Taluka Latur",27-Sep-2024,2026-08-07,1000000.0,Physical Inspection,WS/MP18323/2026-2027/144117,27-Sep-2024,1000000.0,,,1000000.0,1.0,2026-08-07,0,1.0,1.0,32.0,0,1,1,0,0.06116911062478014,Detected by Isolation Forest pattern analysis
4440,Normal/Others,WS/MP18323/2026-2027/144120-Construction of community centers and community halls,Maharashtra,LATUR(DISTRICT COLLECTOR LATUR_IDA),DR KALGE SHIVAJI BANDAPPA,LATUR(SC),"Construction of  Community centre /Hall in Municipal Corporation / Govt owned open space in front of Rudra Hanuman temple at ward No.02, Rudreshwar Nagar ( E), Latur Municipal Corporation",27-Sep-2024,2026-05-22,1991059.0,Physical Inspection,WS/MP18323/2026-2027/144120,27-Sep-2024,1991059.0,,,1991059.0,1.0,2026-05-22,0,1.0,1.0,109.0,0,1,1,0,0.11386875098165766,Detected by Isolation Forest pattern analysis
4565,Normal/Others,"WS/MP353/2024-2025/144281-Construction of roads, link roads, pathways or any other road with or without drainage system",Kerala,IDUKKI(DISTRICT COLLECTOR IDUKKI_IDA),Adv Dean Kuriakose,IDUKKI,"Construction of Side protection wall near Anganwady on Koompanpara -Pallippady-Odackacity road in Vellathooval Gramapanchayathu ,in Adimaly Block",28-Sep-2024,2024-12-05,1500000.0,Work partially Completed,WS/MP353/2024-2025/144281,28-Sep-2024,1500000.0,,,1133023.0,1.0,2026-01-30,0,0.7553486666666667,0.7553486666666667,642.0,0,1,1,0,0.03035246253605617,Detected by Isolation Forest pattern analysis
4574,Normal/Others,WS/MP18225/2024-2025/144315-Installing hand pumps,Uttar Pradesh,KAUSHAMBI(DISTRICT MAGISTRAE KAUSHAMBI_IDA),PUSHPENDRA SAROJ,KAUSHAMBI(SC),"Hajari Prasad Pasi S/o Ram aasare, Madmadpur Kokhraj Ke Ghar ke Samne Handpump",28-Sep-2024,2025-01-17,74000.0,Work partially Completed,WS/MP18225/2024-2025/144315,28-Sep-2024,74000.0,,,29578.0,1.0,2025-12-22,0,0.3997027027027027,0.3997027027027027,599.0,0,1,1,0,0.1038310232211288,Detected by Isolation Forest pattern analysis
4656,Normal/Others,WS/MP18172/2025-2026/144452-Construction of common work sheds/ common covered sitting area,Rajasthan,PRATAPGARH(DISTRICT COLLECTOR PRATAPGARH_IDA),MANNA LAL RAWAT,UDAIPUR(ST),construction of teen shed in GSSS keshriyawad,29-Sep-2024,2025-07-18,500000.0,Physical Inspection,WS/MP18172/2025-2026/144452,29-Sep-2024,500000.0,,,67350.0,19.0,2026-08-27,0,0.1347,0.1347,417.0,0,1,-1,1,-0.11651955876586007,Unusually high number of payments
4737,Normal/Others,WS/MP18225/2024-2025/144734-Installing hand pumps,Uttar Pradesh,KAUSHAMBI(DISTRICT MAGISTRAE KAUSHAMBI_IDA),PUSHPENDRA SAROJ,KAUSHAMBI(SC),Ram Babu S/o Budhai ke ghar ke samne handpump,30-Sep-2024,2025-01-17,74000.0,Work partially Completed,WS/MP18225/2024-2025/144734,30-Sep-2024,74000.0,,,29578.0,1.0,2025-12-22,0,0.3997027027027027,0.3997027027027027,599.0,0,1,1,0,0.1038310232211288,Detected by Isolation Forest pattern analysis
4784,Normal/Others,WS/MP429/2024-2025/144852-Construction of buildings for community cultural activities,Chhattisgarh,KORBA(Collector-Korba),Jyotsna Charandas Mahant,KORBA,"Construction of Sarvajanik Manch at Ravan Bhata's Gauri Gaura Sthhal in Gram Panchayat - Banjari, Vikas Khand - Poudi Uproda",01-Oct-2024,2024-11-04,400000.0,Physical Inspection,WS/MP429/2024-2025/144852,01-Oct-2024,400000.0,2026-08-10,400000.0,200000.0,1.0,2026-06-25,1,0.5,0.5,673.0,0,0,1,0,0.06300040889573855,Detected by Isolation Forest pattern analysis
4803,Normal/Others,WS/MP334/2024-2025/144871-Lighting of public spaces,Jharkhand,GIRIDIH(Deputy Commissioner Giridh_IDA),Shri Chandra Prakash Choudhary,GIRIDIH,Installation of mask light near narayan pandit ke ghar ke paas mod mei in tambagudiyo village of amra panchayat,02-Oct-2024,2024-12-18,150000.0,Vendor Identification,WS/MP334/2024-2025/144871,02-Oct-2024,150000.0,,,149711.0,1.0,2026-06-29,0,0.9980733333333334,0.9980733333333334,629.0,0,1,1,0,0.19922172639455105,Detected by Isolation Forest pattern analysis
4804,Normal/Others,WS/MP334/2024-2025/144872-Lighting of public spaces,Jharkhand,GIRIDIH(Deputy Commissioner Giridh_IDA),Shri Chandra Prakash Choudhary,GIRIDIH,Installation of mask light near bajrangbali mandir in asurbandh.,02-Oct-2024,2024-12-18,150000.0,Vendor Identification,WS/MP334/2024-2025/144872,02-Oct-2024,150000.0,,,149710.0,1.0,2026-06-29,0,0.9980666666666668,0.9980666666666668,629.0,0,1,1,0,0.19991979087176592,Detected by Isolation Forest pattern analysis
4805,Normal/Others,WS/MP334/2024-2025/144873-Lighting of public spaces,Jharkhand,GIRIDIH(Deputy Commissioner Giridh_IDA),Shri Chandra Prakash Choudhary,GIRIDIH,Installation of mask light near atki chowk in atki panchayat,02-Oct-2024,2024-12-18,150000.0,Vendor Identification,WS/MP334/2024-2025/144873,02-Oct-2024,150000.0,,,149711.0,1.0,2026-06-29,0,0.9980733333333334,0.9980733333333334,629.0,0,1,1,0,0.19922172639455105,Detected by Isolation Forest pattern analysis
4808,Normal/Others,WS/MP334/2024-2025/144876-Lighting of public spaces,Jharkhand,GIRIDIH(Deputy Commissioner Giridh_IDA),Shri Chandra Prakash Choudhary,GIRIDIH,Installation of mask light in berha suiyadih panchayat: 1)Near bishunpur chowk in berha suiyadih,02-Oct-2024,2024-12-18,150000.0,Vendor Identification,WS/MP334/2024-2025/144876,02-Oct-2024,150000.0,,,149709.0,1.0,2026-06-29,0,0.99806,0.99806,629.0,0,1,1,0,0.20033217231341338,Detected by Isolation Forest pattern analysis
4809,Normal/Others,WS/MP334/2024-2025/144877-Lighting of public spaces,Jharkhand,GIRIDIH(Deputy Commissioner Giridh_IDA),Shri Chandra Prakash Choudhary,GIRIDIH,Installation of mask light near kailash turi house in chhachando panchayat,02-Oct-2024,2024-12-18,150000.0,Vendor Identification,WS/MP334/2024-2025/144877,02-Oct-2024,150000.0,,,149709.0,1.0,2026-06-29,0,0.99806,0.99806,629.0,0,1,1,0,0.20033217231341338,Detected by Isolation Forest pattern analysis
4811,Normal/Others,WS/MP334/2024-2025/144879-Lighting of public spaces,Jharkhand,GIRIDIH(Deputy Commissioner Giridh_IDA),Shri Chandra Prakash Choudhary,GIRIDIH,Installation of mask light in chegro panchayat: 1)Near mahadev pandit house  2)chegro mod mei go shala,02-Oct-2024,2025-02-10,300000.0,Vendor Identification,WS/MP334/2024-2025/144879,02-Oct-2024,300000.0,,,299420.0,1.0,2026-06-29,0,0.9980666666666668,0.9980666666666668,575.0,0,1,1,0,0.20324404428768983,Detected by Isolation Forest pattern analysis
4812,Normal/Others,WS/MP334/2024-2025/144880-Lighting of public spaces,Jharkhand,GIRIDIH(Deputy Commissioner Giridh_IDA),Shri Chandra Prakash Choudhary,GIRIDIH,Installation of mask light in isri dakshini panchayat: 1)Near bus tand hanuman mandir 2)Near argaghat road,02-Oct-2024,2025-02-10,300000.0,Vendor Identification,WS/MP334/2024-2025/144880,02-Oct-2024,300000.0,,,149710.0,1.0,2026-03-17,0,0.4990333333333333,0.4990333333333333,575.0,0,1,1,0,0.0875771500721233,Detected by Isolation Forest pattern analysis
4820,Normal/Others,WS/MP334/2024-2025/144888-Lighting of public spaces,Jharkhand,GIRIDIH(Deputy Commissioner Giridh_IDA),Shri Chandra Prakash Choudhary,GIRIDIH,Installation of mask light near pacs in kulgo uttari panchayat.,02-Oct-2024,2024-12-18,150000.0,Vendor Identification,WS/MP334/2024-2025/144888,02-Oct-2024,150000.0,,,149710.0,1.0,2026-03-19,0,0.9980666666666668,0.9980666666666668,629.0,0,1,1,0,0.19991979087176592,Detected by Isolation Forest pattern analysis
4825,Normal/Others,WS/MP334/2024-2025/144894-Lighting of public spaces,Jharkhand,GIRIDIH(Deputy Commissioner Giridh_IDA),Shri Chandra Prakash Choudhary,GIRIDIH,Installation of mask light in parsabeda panchayat: 1)Near durga mandir of gosai tilaiya 2)Near durga mandir pipradih of parsabeda,02-Oct-2024,2025-02-10,300000.0,Vendor Identification,WS/MP334/2024-2025/144894,02-Oct-2024,300000.0,,,299420.0,1.0,2026-06-29,0,0.9980666666666668,0.9980666666666668,575.0,0,1,1,0,0.20324404428768983,Detected by Isolation Forest pattern analysis
4830,Normal/Others,WS/MP334/2024-2025/144899-Lighting of public spaces,Jharkhand,GIRIDIH(Deputy Commissioner Giridh_IDA),Shri Chandra Prakash Choudhary,GIRIDIH,Installation of mask light in thakurchak panchayat: 1)Near bajrang bali mandir 2)Near masjid,02-Oct-2024,2025-02-10,300000.0,Vendor Identification,WS/MP334/2024-2025/144899,02-Oct-2024,300000.0,,,299420.0,1.0,2026-06-29,0,0.9980666666666668,0.9980666666666668,575.0,0,1,1,0,0.20324404428768983,Detected by Isolation Forest pattern analysis
4999,Normal/Others,WS/MP384/2024-2025/145237-Construction of community centers and community halls,Rajasthan,BIKANER(DISTRICT COLLECTOR BIKANER_IDA),Shri Arjun Ram Meghwal,BIKANER(SC),"Construction of Hall, Near Amreshwar Mhadev Mandir, Harsholaav Talab Parisar, Bikaner ; Working Agency - PWD, Bikaner",03-Oct-2024,2025-01-18,1000000.0,Physical Inspection,WS/MP384/2024-2025/145237,,,2026-05-15,716024.0,716024.0,1.0,2026-05-15,1,0.716024,,598.0,0,0,1,0,0.1720674536711465,Detected by Isolation Forest pattern analysis
5027,Normal/Others,WS/MP18170/2024-2025/145318-Construction of boundary walls of existing public and community buildings,Rajasthan,SIKAR(DISTRICT COLLECTOR SIKAR_IDA),AMRARAM,SIKAR,"construction  boundary walls of play ground,govt.sr.sec.school Thorasi.  exective agency gram panchyat palthana",03-Oct-2024,2025-01-21,290931.0,Physical Inspection,WS/MP18170/2024-2025/145318,,,2026-05-08,290931.0,65931.0,1.0,2026-05-11,1,0.2266207451251327,,595.0,0,0,1,0,0.155413928701013,Detected by Isolation Forest pattern analysis
5032,Normal/Others,WS/MP353/2024-2025/145372-Construction of bus-sheds or bus-stops,Kerala,ERNAKULAM(DISTRICT COLLECTOR ERNAKULAM_IDA),Adv Dean Kuriakose,IDUKKI,"Construction of waiting shed at Minippady ward 7, Kothamangalam Municipality",04-Oct-2024,2024-12-10,500000.0,Work partially Completed,WS/MP353/2024-2025/145372,,,,,430969.0,1.0,2026-03-26,0,0.861938,,637.0,0,1,1,0,0.16540330865006986,Detected by Isolation Forest pattern analysis
5034,Normal/Others,WS/MP370/2024-2025/145374-Construction of community centers and community halls,Odisha,Sundaragada(DISTRICT COLLECTOR SUNDARGARH_IDA),Shri Jual Oram,SUNDARGARH (ST),"Construction of CC Building near Radha Krushna Mandir, Jangla",04-Oct-2024,2025-02-24,1000000.0,Work partially Completed,WS/MP370/2024-2025/145374,,,,,512871.0,1.0,2026-07-03,0,0.512871,,561.0,0,1,1,0,0.16861101711903081,Detected by Isolation Forest pattern analysis
5052,Normal/Others,WS/MP598/2025-2026/145400-Construction of community centers and community halls,Himachal Pradesh,SIRMAUR(DEPUTY COMMISSIONER SIRMOUR_IDA),Suresh Kumar Kashyap,SHIMLA (SC),C/o Community Bhawan Jadol GP Jadol Taproli Executive Agency BDO Rajgarh,07-Oct-2024,2025-09-24,250000.0,Work partially Completed,WS/MP598/2025-2026/145400,,,,,250000.0,1.0,2026-01-30,0,1.0,,349.0,0,1,1,0,0.2192139024353128,Detected by Isolation Forest pattern analysis
5053,Normal/Others,WS/MP598/2025-2026/145401-Construction of community centers and community halls,Himachal Pradesh,SIRMAUR(DEPUTY COMMISSIONER SIRMOUR_IDA),Suresh Kumar Kashyap,SHIMLA (SC),C/o Community Bhawan Taproli GP Taproli Executive Agency BDO Rajgarh,07-Oct-2024,2025-09-24,250000.0,Work partially Completed,WS/MP598/2025-2026/145401,,,,,250000.0,1.0,2026-01-30,0,1.0,,349.0,0,1,1,0,0.2192139024353128,Detected by Isolation Forest pattern analysis
5054,Normal/Others,WS/MP598/2025-2026/145402-Construction of community centers and community halls,Himachal Pradesh,SIRMAUR(DEPUTY COMMISSIONER SIRMOUR_IDA),Suresh Kumar Kashyap,SHIMLA (SC),C/o Community Bhawan Penn GP Jadol taproli Executive Agency BDO Rajgarh,07-Oct-2024,2025-09-24,250000.0,Work partially Completed,WS/MP598/2025-2026/145402,,,,,250000.0,1.0,2026-01-30,0,1.0,,349.0,0,1,1,0,0.2192139024353128,Detected by Isolation Forest pattern analysis
5069,Normal/Others,WS/MP18308/2025-2026/145424-Construction of community centers and community halls,Maharashtra,MUMBAI SUBURBAN(DISTRICT COLLECTOR MUMBAI SUBURBAN_IDA),RAVINDRA DATTARAM WAIKAR,MUMBAI NORTH WEST,"Construction of Sabhamandap Near Shri Krushna Nagar SRA Parisar, Building No.2, Goregaon (E)",08-Oct-2024,2026-01-20,1800000.0,Vendor Identification,WS/MP18308/2025-2026/145424,,,,,1798634.0,1.0,2026-01-23,0,0.9992411111111112,,231.0,0,1,1,0,0.20954150963844848,Detected by Isolation Forest pattern analysis
5070,Normal/Others,WS/MP18308/2025-2026/145425-Construction of toilet blocks,Maharashtra,MUMBAI SUBURBAN(DISTRICT COLLECTOR MUMBAI SUBURBAN_IDA),RAVINDRA DATTARAM WAIKAR,MUMBAI NORTH WEST,"Construction of 14 seated Toilet block at Shri Hanuman Tekadi Seva Mandal, Shankar Desai Chawl, Tanaji Nagar, Malad (E)",08-Oct-2024,2026-03-25,2100000.0,Work partially Completed,WS/MP18308/2025-2026/145425,,,,,2098407.0,1.0,2026-08-05,0,0.9992414285714286,,167.0,0,1,1,0,0.18960156861336613,Detected by Isolation Forest pattern analysis
5072,Normal/Others,"WS/MP18308/2025-2026/145427-Construction of roads, link roads, pathways or any other road with or without drainage system",Maharashtra,MUMBAI SUBURBAN(DISTRICT COLLECTOR MUMBAI SUBURBAN_IDA),RAVINDRA DATTARAM WAIKAR,MUMBAI NORTH WEST,"Construction of Poch Rasta and Shed at Nagsen Chawl, Kranti Nagar, Ward No.39, Malad (E)",08-Oct-2024,2026-01-20,3000000.0,Vendor Identification,WS/MP18308/2025-2026/145427,,,,,2995469.0,1.0,2026-01-27,0,0.9984896666666668,,231.0,0,1,1,0,0.2058081210452818,Detected by Isolation Forest pattern analysis
5074,Normal/Others,WS/MP18308/2025-2026/145430-Construction of community centers and community halls,Maharashtra,MUMBAI SUBURBAN(DISTRICT COLLECTOR MUMBAI SUBURBAN_IDA),RAVINDRA DATTARAM WAIKAR,MUMBAI NORTH WEST,"Construction of Samaj Mandir, at Shri Sai Chawl  committee , Tanaji Nagar, Kurar Village, Malad (E)",08-Oct-2024,2026-03-25,2000000.0,Work partially Completed,WS/MP18308/2025-2026/145430,,,,,1998481.0,1.0,2026-08-04,0,0.9992405,,167.0,0,1,1,0,0.18960156861336613,Detected by Isolation Forest pattern analysis
5079,Normal/Others,WS/MP18209/2025-2026/145439-Construction of community centers and community halls,Uttar Pradesh,MUZAFFARNAGAR(DISTRICT MAGISTRATE MUZAFFARNAGAR_IDA),CHANDAN CHAUHAN,BIJNOR,Construction work of Gujjar Dharamshala in village Sukertari,17-Dec-2024,2026-01-27,900000.0,Work partially Completed,WS/MP18209/2025-2026/145439,,,,,897487.0,2.0,2026-03-17,0,0.9972077777777778,,224.0,0,1,1,0,0.09957793304095208,Detected by Isolation Forest pattern analysis
5093,Normal/Others,"WS/MP18209/2025-2026/145458-Construction of roads, link roads, pathways or any other road with or without drainage system",Uttar Pradesh,MUZAFFARNAGAR(DISTRICT MAGISTRATE MUZAFFARNAGAR_IDA),CHANDAN CHAUHAN,BIJNOR,CC Road and drain construction work of the road from Paltu's house to Rakesh house in Kallarpur village,17-Dec-2024,2026-01-31,312700.0,Work partially Completed,WS/MP18209/2025-2026/145458,,,,,113391.0,2.0,2026-07-18,0,0.3626191237607931,,220.0,0,1,1,0,0.0405967978845132,Detected by Isolation Forest pattern analysis
5111,Normal/Others,WS/MP384/2024-2025/145480-Construction of additional rooms and halls in the existing public and community building,Rajasthan,BIKANER(DISTRICT COLLECTOR BIKANER_IDA),Shri Arjun Ram Meghwal,BIKANER(SC),"Sarwajanik Chilaay Mata Mandir ke Pass Hall may Baramada Nirman Karya, Jhanjheu   Working Agency : Gram Panchayat Jodhasar",04-Oct-2024,2025-01-06,1000000.0,Work partially Completed,WS/MP384/2024-2025/145480,,,,,999841.0,1.0,2026-08-25,0,0.999841,,610.0,0,1,1,0,0.22580704401701995,Detected by Isolation Forest pattern analysis
5116,Normal/Others,WS/MP384/2024-2025/145488-Construction of boundary walls of existing public and community buildings,Rajasthan,BIKANER(DISTRICT COLLECTOR BIKANER_IDA),Shri Arjun Ram Meghwal,BIKANER(SC),"Shrii Chainayati Brahaman Mahasangh Ki Gaurav Path Bikaner par sthit Bhumi ki Chaardiwari may Gate Nirman Kaary, Jaipur Road, Bikaner  working agency : Shri Chainayati Mahasangh Bikaner  Contact Person : Shri Parasar Naryan Sharma, President Shri Chainayati Mahasangh Bikaner   Shri Sampat Pareek, BJP leader, Bikaner",04-Oct-2024,2025-01-08,2500000.0,Work partially Completed,WS/MP384/2024-2025/145488,,,,,502861.0,1.0,2026-09-02,0,0.2011444,,608.0,0,1,1,0,0.1480682874497089,Detected by Isolation Forest pattern analysis
5129,Normal/Others,WS/MP370/2024-2025/145536-Construction of community centers and community halls,Odisha,Sundaragada(DISTRICT COLLECTOR SUNDARGARH_IDA),Shri Jual Oram,SUNDARGARH (ST),Const. of CC Building at Kadambahal Playground,04-Oct-2024,2024-11-28,700000.0,Work Completed,WS/MP370/2024-2025/145536,,,2026-03-23,689562.0,184082.0,2.0,2026-03-23,1,0.2629742857142857,,649.0,0,0,1,0,0.09212158283202732,Detected by Isolation Forest pattern analysis
5130,Normal/Others,WS/MP370/2024-2025/145537-Construction of community centers and community halls,Odisha,Sundaragada(DISTRICT COLLECTOR SUNDARGARH_IDA),Shri Jual Oram,SUNDARGARH (ST),Const. of CC Building at Chungimati,04-Oct-2024,2024-12-11,700000.0,Physical Inspection,WS/MP370/2024-2025/145537,,,,,684869.0,9.0,2026-08-31,0,0.9783842857142856,,636.0,0,1,-1,1,-0.017590379343737306,Unusually high number of payments
5132,Normal/Others,WS/MP370/2024-2025/145539-Construction of public toilets and bathrooms,Odisha,Sundaragada(DISTRICT COLLECTOR SUNDARGARH_IDA),Shri Jual Oram,SUNDARGARH (ST),Const. of Bathing Ghat at Banthupada Nala,04-Oct-2024,2025-02-11,500000.0,Physical Inspection,WS/MP370/2024-2025/145539,,,,,500000.0,1.0,2026-07-21,0,1.0,,574.0,0,1,1,0,0.23015238555681,Detected by Isolation Forest pattern analysis
5133,Normal/Others,WS/MP370/2024-2025/145540-Construction of bus-sheds or bus-stops,Odisha,Sundaragada(DISTRICT COLLECTOR SUNDARGARH_IDA),Shri Jual Oram,SUNDARGARH (ST),"Const. of Shelter house near commander driver association, NKK Sundargarh",04-Oct-2024,2024-12-05,700000.0,Vendor Identification,WS/MP370/2024-2025/145540,,,,,700000.0,1.0,2026-02-10,0,1.0,,642.0,0,1,1,0,0.20416070831804978,Detected by Isolation Forest pattern analysis
5138,Normal/Others,WS/MP370/2024-2025/145558-Construction of community centers and community halls,Odisha,Sundaragada(DISTRICT COLLECTOR SUNDARGARH_IDA),Shri Jual Oram,SUNDARGARH (ST),Const. of Community Hall at Gurundia,04-Oct-2024,2025-02-11,600000.0,Vendor Identification,WS/MP370/2024-2025/145558,,,,,407029.0,1.0,2026-03-13,0,0.6783816666666667,,574.0,0,1,1,0,0.16503961674190698,Detected by Isolation Forest pattern analysis
5145,Normal/Others,"WS/MP18048/2024-2025/145571-Construction of roads, link roads, pathways or any other road with or without drainage system",Chhattisgarh,SUKMA(Collector Sukma_IDA),MAHESH KASHYAP,BASTAR(ST),gram panchayat gudra me 150 metre c.c.road nirman karya,04-Oct-2024,2024-12-19,500000.0,Work partially Completed,WS/MP18048/2024-2025/145571,,,,,249279.0,1.0,2026-09-03,0,0.498558,,628.0,0,1,1,0,0.16783866454156604,Detected by Isolation Forest pattern analysis
5167,Normal/Others,WS/MP18076/2024-2025/145643-Construction of bus-sheds or bus-stops,Karnataka,Bengaluru South(DEPUTY COMMISSIONER RAMANAGARA_IDA),DR C N MANJUNATH,BANGALORE RURAL,"Construction of bus-sheds or bus-stops at Sri Anjaneya Swamy Temple Between Brahmanipura Huchaiahna Doddi and Yelachi Palya, Thagachakere Grama Panchayath, Channapatna Taluk, Ramanagara District, Karnataka",05-Oct-2024,2025-02-20,500000.0,Physical Inspection,WS/MP18076/2024-2025/145643,,,,,125000.0,1.0,2026-09-03,0,0.25,,565.0,0,1,1,0,0.14481705177026322,Detected by Isolation Forest pattern analysis
5208,Normal/Others,WS/MP18321/2025-2026/145741-Construction of toilet blocks,Gujarat,ARVALLI(DISTRICT COLLECTOR ARVALLI_IDA),SHOBHANABEN MAHENDRASINH BARAIYA,SABARKANTHA,new toilet work at gabat highschool in bayad taluka,05-Oct-2024,2025-12-03,600000.0,Physical Inspection,WS/MP18321/2025-2026/145741,,,2026-04-02,600000.0,600000.0,1.0,2026-04-02,1,1.0,,279.0,0,0,1,0,0.20739157741222364,Detected by Isolation Forest pattern analysis
5304,Normal/Others,WS/MP18021/2025-2026/145958-Construction of common work sheds/ common covered sitting area,Assam,BARPETA(DEPUTY COMMISSIONER BARPETA 1),RAKIBUL HUSSAIN,DHUBRI,Construction of raised Platform Middle Barghol Char near Taijuddin Supa at Barghol,07-Oct-2024,2026-02-11,500000.0,Vendor Identification,WS/MP18021/2025-2026/145958,,,,,300000.0,1.0,2026-02-12,0,0.6,,209.0,0,1,1,0,0.1047811239923283,Detected by Isolation Forest pattern analysis
5351,Normal/Others,WS/MP526/2025-2026/146057-Providing drains and gutters for public drainage,Andhra Pradesh,Y.S.R. Kadapa(DISTRICT COLLECTOR CUDDAPAH_IDA),Y S Avinash Reddy,KADAPA,Providing Earthen drain from R&B Road (Railway Bridge) to Kamalapuram tank Marava Channel in Gopulapuram Village & GP of Kamalapuram Mandal,08-Oct-2024,2026-01-03,451000.0,Physical Inspection,WS/MP526/2025-2026/146057,,,2026-01-04,410821.0,410821.0,1.0,2026-01-04,1,0.9109113082039912,,248.0,0,0,1,0,0.1615437459574693,Detected by Isolation Forest pattern analysis
5368,Normal/Others,WS/MP18019/2024-2025/146093-Installing tube-wells and borewells,Assam,KARBI ANGLONG(DEPUTY COMMISSIONER KARBI ANGLONG_IDA),AMARSING TISSO,Diphu (ST),"Construction of RCC Ringwell at Sainilangso, Disobai",28-Oct-2024,2025-01-13,300000.0,Physical Inspection,WS/MP18019/2024-2025/146093,,,2025-11-02,299583.0,10212.0,1.0,2026-06-13,1,0.03404,,603.0,0,0,1,0,0.09917061782078684,Detected by Isolation Forest pattern analysis
5375,Normal/Others,WS/MP598/2024-2025/146118-Construction of community centers and community halls,Himachal Pradesh,SIRMAUR(DEPUTY COMMISSIONER SIRMOUR_IDA),Suresh Kumar Kashyap,SHIMLA (SC),C/o Community Sarain Bhawan Tela GP Kuru Lwana Executive Agency BDO Rajgarh,08-Oct-2024,2025-02-13,300000.0,Work partially Completed,WS/MP598/2024-2025/146118,,,,,300000.0,1.0,2026-01-30,0,1.0,,572.0,0,1,1,0,0.22876184795565457,Detected by Isolation Forest pattern analysis
5404,Normal/Others,WS/MP727/2024-2025/146159-Construction of additional rooms and halls in the existing public and community building,Rajasthan,KOTA(DISTRICT COLLECTOR KOTA_IDA),Om Birla,KOTA,"Ful Mali ""Saini"" Sewa Sansthan, Kota Ke Mukundara Vihar Aawasiya Yojna Sthith Bhukhand Sankhya Ocf Plot No. 6 Mai Balika Chatrawas Hetu Kamre Nirman Ka Kary. Place- Bhukhand Sankhya Ocf Plot No. 6, Mukundara Vihar Aawasiya Yojna, Kota , Recommended Amount 10.00 Lakh Rs., Implementing Agency - Ful Mali  ""Saini"" Sewa Sansthan, Kota (09 Dated 05.10.2024)",08-Oct-2024,2025-01-07,1000000.0,Physical Inspection,WS/MP727/2024-2025/146159,,,2026-02-14,1000000.0,157700.0,1.0,2026-03-17,1,0.1577,,609.0,0,0,1,0,0.13423310383929382,Detected by Isolation Forest pattern analysis
5487,Normal/Others,WS/MP643/2024-2025/146340-Installing tube-wells and borewells,Madhya Pradesh,Khandwa (East Nimar)(DISTRICT COLLECTOR EAST NIMAR_IDA),Gyaneshwar Patil,KHANDWA,nalkup khanan at various wards khandwa,08-Oct-2024,2025-02-19,300000.0,Vendor Identification,WS/MP643/2024-2025/146340,,,,,150000.0,1.0,2025-06-10,0,0.5,,566.0,0,1,1,0,0.17125185334576298,Detected by Isolation Forest pattern analysis
5492,Normal/Others,WS/MP643/2026-2027/146359-Construction of common work sheds/ common covered sitting area,Madhya Pradesh,Khandwa (East Nimar)(DISTRICT COLLECTOR EAST NIMAR_IDA),Gyaneshwar Patil,KHANDWA,chabutra shed nirman at gram barud ward num 10,09-Oct-2024,2026-04-17,300000.0,Vendor Identification,WS/MP643/2026-2027/146359,,,,,300000.0,1.0,2026-05-13,0,1.0,,144.0,0,1,1,0,0.18589369270886863,Detected by Isolation Forest pattern analysis
5531,Normal/Others,WS/MP643/2025-2026/146414-Construction of common work sheds/ common covered sitting area,Madhya Pradesh,Khandwa (East Nimar)(DISTRICT COLLECTOR EAST NIMAR_IDA),Gyaneshwar Patil,KHANDWA,chabutra nirman at ward  num 17 near pani tanki,09-Oct-2024,2025-08-05,300000.0,Vendor Identification,WS/MP643/2025-2026/146414,,,,,99000.0,2.0,2026-01-03,0,0.33,,399.0,0,1,1,0,0.08003649509059019,Detected by Isolation Forest pattern analysis
5629,Normal/Others,"WS/MP18307/2025-2026/146575-Construction of roads, link roads, pathways or any other road with or without drainage system",Maharashtra,MUMBAI SUBURBAN(DISTRICT COLLECTOR MUMBAI SUBURBAN_IDA),Piyush Vedprakash Goyal,MUMBAI NORTH,Ward 27  - Construction of of Sewerage and CC Passage at Nirmal Chawl Kandivali (East),09-Oct-2024,2026-01-30,2000000.0,Work partially Completed,WS/MP18307/2025-2026/146575,,,,,1998482.0,1.0,2026-08-19,0,0.999241,,221.0,0,1,1,0,0.20794522515298153,Detected by Isolation Forest pattern analysis
5641,Normal/Others,WS/MP643/2024-2025/146592-Construction of buildings for community cultural activities,Madhya Pradesh,Khandwa (East Nimar)(DISTRICT COLLECTOR EAST NIMAR_IDA),Gyaneshwar Patil,KHANDWA,near kunbhi samaj go shala singot bhavan nirman,10-Oct-2024,2025-01-02,1500000.0,Vendor Identification,WS/MP643/2024-2025/146592,,,,,282958.0,6.0,2026-09-01,0,0.1886386666666666,,614.0,0,1,1,0,0.009142692502728589,Unusually high number of payments
5642,Normal/Others,WS/MP643/2025-2026/146594-Construction of community centers and community halls,Madhya Pradesh,Khandwa (East Nimar)(DISTRICT COLLECTOR EAST NIMAR_IDA),Gyaneshwar Patil,KHANDWA,sanskrutik bhavan at richfal,10-Oct-2024,2025-04-23,500000.0,Work partially Completed,WS/MP643/2025-2026/146594,,,,,261200.0,9.0,2026-07-27,0,0.5224,,503.0,0,1,-1,1,-0.020588135389227435,Unusually high number of payments
5661,Normal/Others,WS/MP761/2025-2026/146633-Construction of community centers and community halls,Telangana,Jagitial(DISTRICT COLLECTOR JAGTIAL_IDA),Arvind Dharmapuri,NIZAMABAD,"Construction of Community hall near Mudiraj wada , Ibrahimpatnam",10-Oct-2024,2025-12-17,250000.0,Work Completed,WS/MP761/2025-2026/146633,,,2026-01-07,223517.0,223517.0,1.0,2026-01-07,1,0.894068,,265.0,0,0,1,0,0.16123776152996294,Detected by Isolation Forest pattern analysis
5666,Normal/Others,WS/MP761/2025-2026/146645-Construction of community centers and community halls,Telangana,Jagitial(DISTRICT COLLECTOR JAGTIAL_IDA),Arvind Dharmapuri,NIZAMABAD,"Construction of Community hall near Mudiraj wada , Ibrahimpatnam",10-Oct-2024,2025-12-17,250000.0,Work Completed,WS/MP761/2025-2026/146645,,,2026-01-07,223517.0,223517.0,1.0,2026-01-07,1,0.894068,,265.0,0,0,1,0,0.16123776152996294,Detected by Isolation Forest pattern analysis
5679,Normal/Others,"WS/MP18323/2026-2027/146709-Construction of roads, link roads, pathways or any other road with or without drainage system",Maharashtra,NANDED(DISTRICT COLLECTOR NANDED_IDA),DR KALGE SHIVAJI BANDAPPA,LATUR(SC),", Construction Paver Block on internal village road at Palaswadi,Umraj,Tq. Kandahar, Dist.Nanded",10-Oct-2024,2026-07-13,292053.0,Physical Inspection,WS/MP18323/2026-2027/146709,,,,,292053.0,1.0,2026-07-24,0,1.0,,57.0,0,1,1,0,0.13685741786376737,Detected by Isolation Forest pattern analysis
5681,Normal/Others,"WS/MP18323/2025-2026/146716-Construction of roads, link roads, pathways or any other road with or without drainage system",Maharashtra,LATUR(DISTRICT COLLECTOR LATUR_IDA),DR KALGE SHIVAJI BANDAPPA,LATUR(SC),"Construction of cement road from Mohsin Sheikh's house, Gafar Sheikh's house to Pasha Attar's house at Pangaon, Tq.Renapur",10-Oct-2024,2026-03-27,797573.0,Work Completed,WS/MP18323/2025-2026/146716,,,2026-04-13,797573.0,797573.0,1.0,2026-04-13,1,1.0,,165.0,0,0,1,0,0.1948620361324851,Detected by Isolation Forest pattern analysis
5682,Normal/Others,WS/MP18323/2026-2027/146717-Crematoriums/energy efficient crematoriums or structures on burial/cremation ground,Maharashtra,LATUR(DISTRICT COLLECTOR LATUR_IDA),DR KALGE SHIVAJI BANDAPPA,LATUR(SC),"Development of cemetery / Kabrastan at Bhadgaon, Tq.Latur",10-Oct-2024,2026-08-14,794104.0,Physical Inspection,WS/MP18323/2026-2027/146717,,,,,794104.0,1.0,2026-08-24,0,1.0,,25.0,0,1,1,0,0.09177535112859447,Detected by Isolation Forest pattern analysis
5749,Normal/Others,"WS/MP18323/2025-2026/146867-Construction of roads, link roads, pathways or any other road with or without drainage system",Maharashtra,NANDED(DISTRICT COLLECTOR NANDED_IDA),DR KALGE SHIVAJI BANDAPPA,LATUR(SC),Construction of cement concrete road from Balaji Ugle to Kantabai Chopwad house and from Bandu Pandilwad to Tanaji Vitthal Ugle house at Nurangpura Taluka Kandhar District Nanded,11-Oct-2024,2026-02-18,991000.0,Physical Inspection,WS/MP18323/2025-2026/146867,,,2026-03-26,990848.0,990848.0,1.0,2026-03-26,1,0.9998466195761856,,202.0,0,0,1,0,0.2108864683365158,Detected by Isolation Forest pattern analysis
5876,Normal/Others,WS/MP524/2024-2025/147047-Construction of community centers and community halls,Andhra Pradesh,Annamayya(DISTRICT COLLECTOR ANNAMAYYA_IDA),Midhun Reddy,RAJAMPET,Construction of Community Hall in Ramasamudram (V&G.P),14-Oct-2024,2024-12-21,1500000.0,Work Completed,WS/MP524/2024-2025/147047,,,2026-02-12,1499728.0,1499728.0,1.0,2026-02-16,1,0.9998186666666666,,626.0,0,0,1,0,0.21457390899706974,Detected by Isolation Forest pattern analysis
5920,Normal/Others,WS/MP18162/2024-2025/147105-Construction of community centers and community halls,Rajasthan,BHILWARA(DISTRICT COLLECTOR BHILWARA_IDA),DAMODAR AGARWAL,BHILWARA,SAMUDAYIK BHAWAN VISTAR NIRMAN BRAMNO KA MOHLLA,16-Oct-2024,2025-01-27,499464.0,Physical Inspection,WS/MP18162/2024-2025/147105,,,2025-12-25,499464.0,84495.0,9.0,2026-04-01,1,0.1691713516890106,,589.0,0,0,-1,1,-0.01739738112356881,Unusually high number of payments
5997,Normal/Others,WS/MP18095/2025-2026/147276-Purchase of vans and buses for educational institutions,Kerala,ALAPPUZHA(DISTRICT COLLECTOR ALAPPUZHA_IDA),K. C VENUGOPAL,ALAPPUZHA,"Purchase of School Bus for VRVM GHSS, Vayalar",22-Oct-2024,2025-11-10,1791636.0,Physical Inspection,WS/MP18095/2025-2026/147276,,,2026-01-21,1791636.0,55396.0,1.0,2026-01-21,1,0.0309192268965347,,302.0,0,0,1,0,0.02297043942672128,Detected by Isolation Forest pattern analysis
5999,Normal/Others,"WS/MP18095/2025-2026/147281-Construction of roads, link roads, pathways or any other road with or without drainage system",Kerala,ALAPPUZHA(DISTRICT COLLECTOR ALAPPUZHA_IDA),K. C VENUGOPAL,ALAPPUZHA,Construction of Valiyaveettil Chooravila Road in the 11th ward of Chingoli GP (SCP),22-Oct-2024,2026-02-11,2884733.0,Physical Inspection,WS/MP18095/2025-2026/147281,,,2026-03-06,2884733.0,2884733.0,1.0,2026-03-07,1,1.0,,209.0,0,0,1,0,0.21584787628205093,Detected by Isolation Forest pattern analysis
6028,Normal/Others,WS/MP529/2024-2025/147335-Installing community drinking water plants,Andhra Pradesh,Tirupati(DISTRICT COLLECTOR TIRUPATI_IDA),Maddila Gurumoorthy,TIRUPATI(SC),"Providing Bore well, Pumpset for RO Plant at Adaram GP in K.V.B.Puram Mandal.",21-Oct-2024,2024-11-26,330000.0,Physical Inspection,WS/MP529/2024-2025/147335,,,,,223100.0,1.0,2026-08-29,0,0.676060606060606,,651.0,0,1,1,0,0.13243777585111188,Detected by Isolation Forest pattern analysis
6042,Normal/Others,"WS/MP582/2025-2026/147364-Purchase of prosthetics, wheel chairs, tricycles (manual or motorized), elect scooties, hearing aids",Gujarat,SURAT(DISTRICT COLLECTOR SURAT_IDA),Prabhubhai Nagarbhai Vasava,BARDOLI(ST),"Divyang Hiteshbhai Chaudhari (resident of Kasal, Mandvi, Dist.Surat) at Kasal village, the work of electric scooter facility, Taluka Mandvi, Dist.Surat",15-Oct-2024,2025-05-21,75000.0,Physical Inspection,WS/MP582/2025-2026/147364,,,2026-08-11,75000.0,75000.0,1.0,2026-06-23,1,1.0,,475.0,0,0,1,0,0.23768765741899878,Detected by Isolation Forest pattern analysis
6050,Normal/Others,WS/MP18095/2025-2026/147401-Purchase of vans and buses for educational institutions,Kerala,KOLLAM(DISTRICT COLLECTOR KOLLAM_IDA),K. C VENUGOPAL,ALAPPUZHA,"Purchase of a bus for K V Kumaran Vaidyan Memorial UPS, Cheriyazheekkal",22-Oct-2024,2025-08-11,2100000.0,Work partially Completed,WS/MP18095/2025-2026/147401,,,,,63519.0,1.0,2026-07-01,0,0.0302471428571428,,393.0,0,1,1,0,0.053127176383210184,Detected by Isolation Forest pattern analysis
6071,Normal/Others,WS/MP18172/2024-2025/147440-Purchase of books for public libraries/ digitization of library books,Rajasthan,Salumbar(DISTRICT COLLECTOR Salumbar_IDA),MANNA LAL RAWAT,UDAIPUR(ST),Purchase of Books for Govt. Public District  Library Salumber,15-Oct-2024,2025-01-13,200000.0,Physical Inspection,WS/MP18172/2024-2025/147440,,,2026-01-23,148764.0,148764.0,1.0,2026-01-27,1,0.74382,,603.0,0,0,1,0,0.17289304648172127,Detected by Isolation Forest pattern analysis
6077,Normal/Others,WS/MP661/2025-2026/147454-Construction of community centers and community halls,Maharashtra,PUNE(DISTRICT COLLECTOR PUNE_IDA),Amol Ramsing Kolhe,SHIRUR,Construction of Mahila Asmita Bhavan community hall at Siddhagavhan,15-Oct-2024,2025-04-22,1000000.0,Physical Inspection,WS/MP661/2025-2026/147454,,,,,919303.0,1.0,2026-07-22,0,0.919303,,504.0,0,1,1,0,0.19574031656976631,Detected by Isolation Forest pattern analysis
6081,Normal/Others,WS/MP661/2026-2027/147464-Lighting of public spaces,Maharashtra,PUNE(DISTRICT COLLECTOR PUNE_IDA),Amol Ramsing Kolhe,SHIRUR,"installation of High Mast Lighting at 4 different public places at nirgoodsar, Tq. Ambegaon, Dist. Pune",15-Oct-2024,2026-05-18,1000000.0,Physical Inspection,WS/MP661/2026-2027/147464,,,,,482614.0,1.0,2026-05-19,0,0.482614,,113.0,0,1,1,0,0.044878438983704805,Detected by Isolation Forest pattern analysis
6129,Normal/Others,WS/MP526/2024-2025/147535-Providing supply pipelines for drinking water,Andhra Pradesh,Y.S.R. Kadapa(DISTRICT COLLECTOR CUDDAPAH_IDA),Y S Avinash Reddy,KADAPA,Augmentation of PWS Scheme Katlagantavaripalli Village in CK peta Mandal,16-Oct-2024,2025-01-08,112100.0,Physical Inspection,WS/MP526/2024-2025/147535,,,,,109235.0,1.0,2026-08-19,0,0.974442462087422,,608.0,0,1,1,0,0.1979617874527591,Detected by Isolation Forest pattern analysis
6186,Normal/Others,"WS/MP526/2024-2025/147605-Construction of roads, link roads, pathways or any other road with or without drainage system",Andhra Pradesh,Y.S.R. Kadapa(DISTRICT COLLECTOR CUDDAPAH_IDA),Y S Avinash Reddy,KADAPA,Gravelling the road from R&B road to Mariyamma Shed (Reach-1) of Mittamanupalli (H) of Mittamanupalli GP in S.Mydukur Mandal,16-Oct-2024,2025-01-07,495000.0,Physical Inspection,WS/MP526/2024-2025/147605,,,2026-04-15,431498.0,431498.0,1.0,2026-04-15,1,0.8717131313131313,,609.0,0,0,1,0,0.1776273881152043,Detected by Isolation Forest pattern analysis
6187,Normal/Others,"WS/MP526/2024-2025/147606-Construction of roads, link roads, pathways or any other road with or without drainage system",Andhra Pradesh,Y.S.R. Kadapa(DISTRICT COLLECTOR CUDDAPAH_IDA),Y S Avinash Reddy,KADAPA,Gravelling the road from R&B road to Mariyamma Shed (Reach-2) of Mittamanupalli (H) of Mittamanupalli GP in S.Mydukur Mandal,16-Oct-2024,2025-01-07,495000.0,Physical Inspection,WS/MP526/2024-2025/147606,,,2026-04-16,453478.0,453478.0,1.0,2026-04-16,1,0.9161171717171716,,609.0,0,0,1,0,0.19026737714808156,Detected by Isolation Forest pattern analysis
6361,Normal/Others,WS/MP18242/2025-2026/148018-Construction of rooms and halls in school and colleges,Uttar Pradesh,SULTANPUR(DISTRICT MAGISTRATE SULTANPUR_IDA),RAMBHUAL NISHAD,SULTANPUR,"For construction of teaching room in Mukund Madhav Bhishma Primary School, Ishakpur.",17-Oct-2024,2025-06-24,1500000.0,Vendor Identification,WS/MP18242/2025-2026/148018,,,,,600000.0,1.0,2026-08-24,0,0.4,,441.0,0,1,1,0,0.15161508763038123,Detected by Isolation Forest pattern analysis
6364,Normal/Others,WS/MP18048/2024-2025/148031-Purchase of mobile water tankers,Chhattisgarh,BASTAR(DISTRICT COLLECTOR BASTAR_IDA),MAHESH KASHYAP,BASTAR(ST),nagar palika nigam chetra ke vibhinn wardon me peyjal aapurti hetu 04 wheel 4500 letre ke 05 nag tanker praday karne hetu,17-Oct-2024,2024-12-11,1120000.0,Physical Inspection,WS/MP18048/2024-2025/148031,,,2026-05-13,1120000.0,1120000.0,1.0,2026-02-26,1,1.0,,636.0,0,0,1,0,0.2133439079605456,Detected by Isolation Forest pattern analysis
6377,Normal/Others,"WS/MP600/2024-2025/148047-Construction of roads, link roads, pathways or any other road with or without drainage system",Jammu And Kashmir,KATHUA(DISTRICT DEVELOPMENT COMMISSIONER KATHUA_IDA),Jitendra Singh,UDHAMPUR,"Construction of lane and drain from Dethal School to Chait Ram House, Village Kachher, Pyt, Kachher, Ward no. 5, Nagrota Gujroo, Kathua.",22-Oct-2024,2025-01-08,196000.0,Physical Inspection,WS/MP600/2024-2025/148047,,,2026-02-09,196000.0,196000.0,1.0,2026-02-09,1,1.0,,608.0,0,0,1,0,0.2293092834547975,Detected by Isolation Forest pattern analysis
6383,Normal/Others,WS/MP18144/2024-2025/148055-Construction of community centers and community halls,Odisha,KALAHANDI(DISTRICT COLLECTOR KALAHANDI_IDA),MALVIKA DEVI,KALAHANDI,"Reconstruction of community hall at Jharaband, badkenduguda",18-Oct-2024,2025-01-04,200000.0,Physical Inspection,WS/MP18144/2024-2025/148055,,,2026-03-16,200000.0,200000.0,1.0,2026-03-10,1,1.0,,612.0,0,0,1,0,0.2257367553380754,Detected by Isolation Forest pattern analysis
6441,Normal/Others,"WS/MP18144/2024-2025/148133-Construction of roads, link roads, pathways or any other road with or without drainage system",Odisha,KALAHANDI(DISTRICT COLLECTOR KALAHANDI_IDA),MALVIKA DEVI,KALAHANDI,Metaling of roads from NH 26 to Ghulijuba road(1.5 km),18-Oct-2024,2025-01-04,200000.0,Vendor Identification,WS/MP18144/2024-2025/148133,,,,,200000.0,1.0,2026-06-17,0,1.0,,612.0,0,1,1,0,0.2257367553380754,Detected by Isolation Forest pattern analysis
6442,Normal/Others,WS/MP18144/2024-2025/148134-Construction of boundary walls of existing public and community buildings,Odisha,KALAHANDI(DISTRICT COLLECTOR KALAHANDI_IDA),MALVIKA DEVI,KALAHANDI,"Construction of boundary wall at sishu Bidya Mandir, Habaspur.",18-Oct-2024,2025-01-04,200000.0,Physical Inspection,WS/MP18144/2024-2025/148134,,,,,200000.0,1.0,2026-06-25,0,1.0,,612.0,0,1,1,0,0.2257367553380754,Detected by Isolation Forest pattern analysis
6443,Normal/Others,WS/MP18144/2024-2025/148135-Lighting of public spaces,Odisha,KALAHANDI(DISTRICT COLLECTOR KALAHANDI_IDA),MALVIKA DEVI,KALAHANDI,"Beautification  and lighting near Baa Sagar, Habaspur.",18-Oct-2024,2025-01-04,200000.0,Physical Inspection,WS/MP18144/2024-2025/148135,,,,,200000.0,1.0,2026-06-25,0,1.0,,612.0,0,1,1,0,0.2257367553380754,Detected by Isolation Forest pattern analysis
6444,Normal/Others,WS/MP18144/2024-2025/148136-Construction of boundary walls of existing public and community buildings,Odisha,KALAHANDI(DISTRICT COLLECTOR KALAHANDI_IDA),MALVIKA DEVI,KALAHANDI,"Construction of boundary wall at Jagmohan high school, pilikia village.",18-Oct-2024,2025-01-04,200000.0,Physical Inspection,WS/MP18144/2024-2025/148136,,,2026-03-16,200000.0,200000.0,1.0,2026-03-10,1,1.0,,612.0,0,0,1,0,0.2257367553380754,Detected by Isolation Forest pattern analysis
6445,Normal/Others,"WS/MP18144/2024-2025/148137-Construction of roads, link roads, pathways or any other road with or without drainage system",Odisha,KALAHANDI(DISTRICT COLLECTOR KALAHANDI_IDA),MALVIKA DEVI,KALAHANDI,Construction of road from goud tusipali TP Jore road.,18-Oct-2024,2025-01-04,200000.0,Vendor Identification,WS/MP18144/2024-2025/148137,,,,,200000.0,1.0,2026-06-17,0,1.0,,612.0,0,1,1,0,0.2257367553380754,Detected by Isolation Forest pattern analysis
6455,Bar and Associations,WS/MP18328/2026-2027/148155-Purchase Books for Library,Himachal Pradesh,MANDI(DEPUTY COMMISSIONER MANDI_IDA),Kangana Ranaut,MANDI,Purchasing of Books for Library  of BAR Assocation Chachiot at Gohar. Work Executed By - BAR Association Chachiot at Gohar District Mandi.,18-Oct-2024,2026-07-21,50000.0,Vendor Identification,WS/MP18328/2026-2027/148155,,,,,50000.0,1.0,2026-09-01,0,1.0,,49.0,0,1,1,0,0.12524487555735953,Detected by Isolation Forest pattern analysis
6457,Normal/Others,WS/MP600/2024-2025/148165-Construction of boundary walls of existing public and community buildings,Jammu And Kashmir,KATHUA(DISTRICT DEVELOPMENT COMMISSIONER KATHUA_IDA),Jitendra Singh,UDHAMPUR,"Construction of protection wall from link road to Mohalla of Ricky Sharma, Village Chak, Pyt. Chak Balwan, Marheen, Kathua.",22-Oct-2024,2025-01-08,198000.0,Physical Inspection,WS/MP600/2024-2025/148165,,,2026-02-25,198000.0,198000.0,1.0,2026-02-25,1,1.0,,608.0,0,0,1,0,0.2293092834547975,Detected by Isolation Forest pattern analysis
6466,Normal/Others,WS/MP18328/2025-2026/148181-Construction of rooms and halls in school and colleges,Himachal Pradesh,KULLU(DEPUTY COMMISSIONER KULLU_IDA),Kangana Ranaut,MANDI,"Construction of Proposed 2nd floor cum examination hall Saraswati Vidya Mandir School Village Bhalyani, Tehsil & District Kullu H.P. Work Executed By- BDO Kullu,     (SMC Saraswati Vidya Mandir Bhalyani)",18-Oct-2024,2025-12-19,1230000.0,Vendor Identification,WS/MP18328/2025-2026/148181,,,,,615000.0,1.0,2026-07-10,0,0.5,,263.0,0,1,1,0,0.11507584107375668,Detected by Isolation Forest pattern analysis
6479,Normal/Others,WS/MP600/2024-2025/148197-Construction of public toilets and bathrooms,Jammu And Kashmir,UDHAMPUR(Deputy Commissioner Udhampur_IDA),Jitendra Singh,UDHAMPUR,"Construction of Public Toilet Complex in Ward no. 5, Pyt. Basantgarh, Village Chilla, Near Chilla Mandir, Dudu Basantgarh, Udhampur.",22-Oct-2024,2024-12-26,172000.0,Physical Inspection,WS/MP600/2024-2025/148197,,,2026-01-07,172000.0,172000.0,1.0,2026-01-07,1,1.0,,621.0,0,0,1,0,0.2179618003903795,Detected by Isolation Forest pattern analysis
6508,Normal/Others,WS/MP600/2025-2026/148229-Construction of common work sheds/ common covered sitting area,Jammu And Kashmir,KATHUA(DISTRICT DEVELOPMENT COMMISSIONER KATHUA_IDA),Jitendra Singh,UDHAMPUR,"Construction of Public Shed  near Talab, Baddu Barar , Pyt. Upper Baddu , Village  Charoli, Billawar,Kathua",22-Oct-2024,2025-07-09,168000.0,Physical Inspection,WS/MP600/2025-2026/148229,,,2026-01-29,168000.0,168000.0,1.0,2026-01-29,1,1.0,,426.0,0,0,1,0,0.22078929675696712,Detected by Isolation Forest pattern analysis
6519,Normal/Others,WS/MP600/2025-2026/148242-Construction of boundary walls of existing public and community buildings,Jammu And Kashmir,RAMBAN(Deputy Commissioner Ramban_IDA),Jitendra Singh,UDHAMPUR,"Construction of Protection Wall near  house to Sh. Parkash Singh to  Sh. Bhabishan Singh  r/o Bhamnal, Ward no. 07, Pyt. Pingloga, Teh. Pogal Paristan, Ukhral, Ramban.",22-Oct-2024,2025-05-19,300000.0,Work partially Completed,WS/MP600/2025-2026/148242,,,,,189000.0,1.0,2026-08-10,0,0.63,,477.0,0,1,1,0,0.15346368222476175,Detected by Isolation Forest pattern analysis
6522,Normal/Others,"WS/MP600/2024-2025/148247-Construction of roads, link roads, pathways or any other road with or without drainage system",Jammu And Kashmir,KATHUA(DISTRICT DEVELOPMENT COMMISSIONER KATHUA_IDA),Jitendra Singh,UDHAMPUR,"Construction of lane and drain in Ward no.5, Pyt. Dhmal from the house of Sandeep Kumar to house of Gopal Verma, Barnoti, Kathua",22-Oct-2024,2025-01-08,182000.0,Physical Inspection,WS/MP600/2024-2025/148247,,,2026-01-01,182000.0,182000.0,1.0,2026-01-01,1,1.0,,608.0,0,0,1,0,0.2293092834547975,Detected by Isolation Forest pattern analysis
6546,Normal/Others,WS/MP18227/2024-2025/148293-Construction of rooms and halls in school and colleges,Uttar Pradesh,AZAMGARH(DISTRICT MAGISTRATE AZAMGARH_IDA),DAROGA PRASAD SAROJ,LALGANJ (SC),Class room ka nirmad kary,18-Oct-2024,2025-01-21,999000.0,Vendor Identification,WS/MP18227/2024-2025/148293,,,,,999000.0,2.0,2026-02-23,0,1.0,,595.0,0,1,1,0,0.1271110984102345,Detected by Isolation Forest pattern analysis
6590,Normal/Others,WS/MP18205/2024-2025/148363-Street lights,Uttar Pradesh,BALLIA(DISTRICT MAGISTRAE BALLIA_IDA),SANATAN PANDEY,BALLIA,Installation of Semi High Mast Lights at different places as per attached recommendation letter,21-Oct-2024,2025-03-20,216470.0,Vendor Identification,WS/MP18205/2024-2025/148363,,,,,216409.0,1.0,2025-08-06,0,0.999718205755994,,537.0,0,1,1,0,0.2346605999364773,Detected by Isolation Forest pattern analysis
6656,Normal/Others,"WS/MP18133/2025-2026/148457-Construction of roads, link roads, pathways or any other road with or without drainage system",Maharashtra,SATARA(DISTRICT COLLECTOR SATARA_IDA),SHRIMANT CHH UDAYANRAJE PRATAPSINHAMAHARAJ BHONSLE,SATARA,Construction of Road and Closed drainage Behind Vitthal Ward Mandir,02-Jan-2025,2025-04-22,1000000.0,Physical Inspection,WS/MP18133/2025-2026/148457,,,2026-08-11,1000000.0,1000000.0,1.0,2026-08-11,1,1.0,,504.0,0,0,1,0,0.24785495948130798,Detected by Isolation Forest pattern analysis
6670,Normal/Others,WS/MP18133/2025-2026/148475-Construction of community centers and community halls,Maharashtra,SATARA(DISTRICT COLLECTOR SATARA_IDA),SHRIMANT CHH UDAYANRAJE PRATAPSINHAMAHARAJ BHONSLE,SATARA,Construction of Community hall at Masur (Brahmpuri) adjacent to Savata Mali Mandir,02-Jan-2025,2025-04-22,1000000.0,Work partially Completed,WS/MP18133/2025-2026/148475,,,,,750000.0,1.0,2026-03-22,0,0.75,,504.0,0,1,1,0,0.16743448777071984,Detected by Isolation Forest pattern analysis
6672,Normal/Others,"WS/MP18133/2025-2026/148477-Construction of roads, link roads, pathways or any other road with or without drainage system",Maharashtra,SATARA(DISTRICT COLLECTOR SATARA_IDA),SHRIMANT CHH UDAYANRAJE PRATAPSINHAMAHARAJ BHONSLE,SATARA,Construction of concrete road at Andharwadi.,02-Jan-2025,2025-04-22,700000.0,Physical Inspection,WS/MP18133/2025-2026/148477,,,2026-08-17,693280.0,693280.0,1.0,2026-08-16,1,0.9904,,504.0,0,0,1,0,0.2280277036171598,Detected by Isolation Forest pattern analysis
6696,Normal/Others,WS/MP18133/2025-2026/148507-Construction of community centers and community halls,Maharashtra,SATARA(DISTRICT COLLECTOR SATARA_IDA),SHRIMANT CHH UDAYANRAJE PRATAPSINHAMAHARAJ BHONSLE,SATARA,Construction of community hall adjacent to Balsiddha Mandir,02-Jan-2025,2025-04-22,1500000.0,Physical Inspection,WS/MP18133/2025-2026/148507,,,2026-03-16,1489610.0,1489610.0,1.0,2026-03-16,1,0.9930733333333334,,504.0,0,0,1,0,0.2340669932506439,Detected by Isolation Forest pattern analysis
6701,Normal/Others,WS/MP18133/2025-2026/148512-Crematoriums/energy efficient crematoriums or structures on burial/cremation ground,Maharashtra,SATARA(DISTRICT COLLECTOR SATARA_IDA),SHRIMANT CHH UDAYANRAJE PRATAPSINHAMAHARAJ BHONSLE,SATARA,Creation of Crematorium shed and Smashan Bhumi Dahini at Jadhav Mali at Atake.,02-Jan-2025,2025-04-22,1000000.0,Physical Inspection,WS/MP18133/2025-2026/148512,,,,,995310.0,1.0,2026-06-29,0,0.99531,,504.0,0,1,1,0,0.2391984281140716,Detected by Isolation Forest pattern analysis
6705,Normal/Others,"WS/MP18133/2025-2026/148516-Construction of roads, link roads, pathways or any other road with or without drainage system",Maharashtra,SATARA(DISTRICT COLLECTOR SATARA_IDA),SHRIMANT CHH UDAYANRAJE PRATAPSINHAMAHARAJ BHONSLE,SATARA,creation of paver block road adjacent to jyotirling mandir at Gharalwadi,02-Jan-2025,2025-04-22,500000.0,Physical Inspection,WS/MP18133/2025-2026/148516,,,2026-03-05,497580.0,497580.0,1.0,2026-03-06,1,0.99516,,504.0,0,0,1,0,0.2377061006803377,Detected by Isolation Forest pattern analysis
6737,Normal/Others,"WS/MP18133/2025-2026/148559-Construction of roads, link roads, pathways or any other road with or without drainage system",Maharashtra,SATARA(DISTRICT COLLECTOR SATARA_IDA),SHRIMANT CHH UDAYANRAJE PRATAPSINHAMAHARAJ BHONSLE,SATARA,creation of Concrete road at Vekhandwadi,02-Jan-2025,2025-04-22,700000.0,Physical Inspection,WS/MP18133/2025-2026/148559,,,2026-02-16,664282.0,664282.0,1.0,2026-02-16,1,0.9489742857142855,,504.0,0,0,1,0,0.19814514172701164,Detected by Isolation Forest pattern analysis
6744,Normal/Others,"WS/MP18133/2025-2026/148566-Construction of roads, link roads, pathways or any other road with or without drainage system",Maharashtra,SATARA(DISTRICT COLLECTOR SATARA_IDA),SHRIMANT CHH UDAYANRAJE PRATAPSINHAMAHARAJ BHONSLE,SATARA,Creation of Concrete Road at Kalambe,02-Jan-2025,2025-04-22,1000000.0,Physical Inspection,WS/MP18133/2025-2026/148566,,,,,1000000.0,1.0,2026-06-29,0,1.0,,504.0,0,1,1,0,0.24785495948130798,Detected by Isolation Forest pattern analysis
6745,Normal/Others,WS/MP18133/2025-2026/148567-Construction of boundary walls of existing public and community buildings,Maharashtra,SATARA(DISTRICT COLLECTOR SATARA_IDA),SHRIMANT CHH UDAYANRAJE PRATAPSINHAMAHARAJ BHONSLE,SATARA,creation of retention wall from Main road to Cremation ground,02-Jan-2025,2025-04-22,1000000.0,Physical Inspection,WS/MP18133/2025-2026/148567,,,2026-03-18,948550.0,948550.0,1.0,2026-03-18,1,0.94855,,504.0,0,0,1,0,0.19814514172701164,Detected by Isolation Forest pattern analysis
6747,Normal/Others,"WS/MP18133/2025-2026/148571-Construction of roads, link roads, pathways or any other road with or without drainage system",Maharashtra,SATARA(DISTRICT COLLECTOR SATARA_IDA),SHRIMANT CHH UDAYANRAJE PRATAPSINHAMAHARAJ BHONSLE,SATARA,creation of concrete road from house of Vamanrao Salunkhe to Prakash Thorat House,02-Jan-2025,2025-04-22,500000.0,Physical Inspection,WS/MP18133/2025-2026/148571,,,2026-03-12,500000.0,500000.0,1.0,2026-03-12,1,1.0,,504.0,0,0,1,0,0.24785495948130798,Detected by Isolation Forest pattern analysis
6811,Normal/Others,"WS/MP18390/2026-2027/148734-Construction of roads, link roads, pathways or any other road with or without drainage system",Uttar Pradesh,GHAZIPUR(DISTRICT MAGISTRAE GHAZIPUR_IDA),AFZAL ANSARI,GHAZIPUR,"Construction of CC Road: Kshetr Panchayat - Saidpur, Gram Panchayat - Ishopur From Highway to Dih Baba Mandir 100 Mtr x 2.40 Mtr x 10 cm Development Agency - Kshetr Panchayat Saidpur",21-Oct-2024,2026-08-22,400000.0,Physical Inspection,WS/MP18390/2026-2027/148734,,,,,393123.0,2.0,2026-08-24,0,0.9828075,,17.0,0,1,1,0,0.001169726192913445,Detected by Isolation Forest pattern analysis
6812,Normal/Others,"WS/MP18390/2026-2027/148735-Construction of roads, link roads, pathways or any other road with or without drainage system",Uttar Pradesh,GHAZIPUR(DISTRICT MAGISTRAE GHAZIPUR_IDA),AFZAL ANSARI,GHAZIPUR,Construction of CC Road: Kshetr Panchayat - Saidpur Gram Panchayat - Fardiha From Ram Saran's residence to Ramjeet's Residence 100 Mtr x 2.40 Mtr x 10 cm Development Agency - Kshetr Panchayat,21-Oct-2024,2026-08-22,400000.0,Physical Inspection,WS/MP18390/2026-2027/148735,,,,,394266.0,2.0,2026-08-24,0,0.985665,,17.0,0,1,1,0,0.0035202953300450535,Detected by Isolation Forest pattern analysis
6814,Normal/Others,"WS/MP18390/2024-2025/148737-Construction of roads, link roads, pathways or any other road with or without drainage system",Uttar Pradesh,GHAZIPUR(DISTRICT MAGISTRAE GHAZIPUR_IDA),AFZAL ANSARI,GHAZIPUR,"Construction of CC Road: Kshetr Panchayat Bhadora, Gram Panchayat - Pathara,  From T.V. Road to Ramashankar Yadav's Residence 150 Mtr x 2.40 Mtr x 10 cm",21-Oct-2024,2025-03-24,600000.0,Vendor Identification,WS/MP18390/2024-2025/148737,,,,,448369.0,1.0,2026-02-27,0,0.7472816666666666,,533.0,0,1,1,0,0.17427890439100602,Detected by Isolation Forest pattern analysis
6815,Normal/Others,"WS/MP18390/2024-2025/148738-Construction of roads, link roads, pathways or any other road with or without drainage system",Uttar Pradesh,GHAZIPUR(DISTRICT MAGISTRAE GHAZIPUR_IDA),AFZAL ANSARI,GHAZIPUR,"Construction of CC Road: Kshetr Panchayat Bhadora, Gram Panchayat - Amaura, East Side - Deval Marg to Shiv Mandir 150 mtr x 2.40 Mtr x 10 cm Development Agency - Kshetr Panchayat",21-Oct-2024,2025-03-24,600000.0,Vendor Identification,WS/MP18390/2024-2025/148738,,,,,449463.0,1.0,2026-02-25,0,0.749105,,533.0,0,1,1,0,0.17339343607494284,Detected by Isolation Forest pattern analysis
6896,Normal/Others,"WS/MP18095/2025-2026/148832-Construction of roads, link roads, pathways or any other road with or without drainage system",Kerala,ALAPPUZHA(DISTRICT COLLECTOR ALAPPUZHA_IDA),K. C VENUGOPAL,ALAPPUZHA,Formation of Manakkattu Menatheri Road in the 29th ward of Kayamkulam Municipality (SCP),22-Oct-2024,2026-02-02,2000000.0,Work Completed,WS/MP18095/2025-2026/148832,,,2026-04-24,1995303.0,1995303.0,2.0,2026-04-24,1,0.9976515,,218.0,0,0,1,0,0.09755816168925546,Detected by Isolation Forest pattern analysis
6963,Normal/Others,WS/MP18133/2025-2026/148915-Construction of boundary walls of existing public and community buildings,Maharashtra,SATARA(DISTRICT COLLECTOR SATARA_IDA),SHRIMANT CHH UDAYANRAJE PRATAPSINHAMAHARAJ BHONSLE,SATARA,Construction of Boundary Wall and laying of Paver Block at Vithlai Mandir at Hanumantwadi (Yevati),02-Jan-2025,2025-05-13,500000.0,Physical Inspection,WS/MP18133/2025-2026/148915,,,2026-05-06,498370.0,498370.0,1.0,2026-05-06,1,0.99674,,483.0,0,0,1,0,0.23448715930540254,Detected by Isolation Forest pattern analysis
6966,Normal/Others,WS/MP812/2026-2027/148927-Construction of buildings for community cultural activities,Uttar Pradesh,Kushinagar(DISTRICT MAGISTRATE KUSHINAGAR PADRAUNA_IDA),Vijay Kumar Dubey,KUSHI NAGAR,GP DOM BARWA ME MOTICHAK ME  SAMUDAYIK BHAWAN KA NNIRMAN KARRY,21-Oct-2024,2026-05-26,1350000.0,Work partially Completed,WS/MP812/2026-2027/148927,,,,,842954.0,1.0,2026-05-27,0,0.6244103703703704,,105.0,0,1,1,0,0.047220910144686545,Detected by Isolation Forest pattern analysis
7055,Normal/Others,WS/MP758/2025-2026/149076-Purchase of hospital equipment,Tamil Nadu,KARUR(DISTRICT COLLECTOR KARUR_IDA),Smt S Jothimani,KARUR,"Purchase of ECG Machine(3 Channel) ,Semi Auto Biochemistry Analaizer,Fetal Doppler and Baby Warmer for the Urban Primary Health Center,Thanthoni,Ward no 46,Karur",22-Oct-2024,2026-01-08,266000.0,Physical Inspection,WS/MP758/2025-2026/149076,,,2026-01-13,266000.0,266000.0,1.0,2026-01-13,1,1.0,,243.0,0,0,1,0,0.2120088210785923,Detected by Isolation Forest pattern analysis
7067,Normal/Others,WS/MP18172/2024-2025/149101-Construction of culverts and bridges,Rajasthan,DUNGARPUR(DISTRICT COLLECTOR DUNGARPUR_IDA),MANNA LAL RAWAT,UDAIPUR(ST),puliya with ringwal - mahude to tuliwara,23-Oct-2024,2024-12-12,1500000.0,Work Completed,WS/MP18172/2024-2025/149101,,,2025-06-07,1478237.0,729806.0,1.0,2026-09-02,1,0.4865373333333333,,635.0,0,0,1,0,0.1624491690783697,Detected by Isolation Forest pattern analysis
7119,Normal/Others,WS/MP18175/2024-2025/149209-Construction of buildings for crèches and anganwadies,Tamil Nadu,DHARMAPURI(DISTRICT COLLECTOR DHARMAPURI_IDA),MANI. A.,DHARAMAPURI,Construciton of Anganwadi Building at Sekkandahalli village Kambainallur Town Panchayat,23-Oct-2024,2024-12-12,1655000.0,Physical Inspection,WS/MP18175/2024-2025/149209,,,2026-08-18,1655000.0,1655000.0,1.0,2026-02-05,1,1.0,,635.0,0,0,1,0,0.2133439079605456,Detected by Isolation Forest pattern analysis
7121,Normal/Others,WS/MP18175/2024-2025/149219-Construction of buildings for crèches and anganwadies,Tamil Nadu,DHARMAPURI(DISTRICT COLLECTOR DHARMAPURI_IDA),MANI. A.,DHARAMAPURI,Construciton of Angwadi building at Pudhu reddiyur Kadathur Town Panchayat,23-Oct-2024,2024-12-19,1655000.0,Physical Inspection,WS/MP18175/2024-2025/149219,,,2026-08-17,1655000.0,1655000.0,1.0,2026-01-29,1,1.0,,628.0,0,0,1,0,0.2154651417180447,Detected by Isolation Forest pattern analysis
7149,Normal/Others,WS/MP457/2024-2025/149288-Crematoriums/energy efficient crematoriums or structures on burial/cremation ground,Tamil Nadu,Viluppuram(DISTRICT COLLECTOR VILLUPURAM_IDA),D Ravikumar,VILUPPURAM(SC),"Viluppuram Municipality, Periya Colaony Adi Dravidar Area graveyard Waiting Shed.",25-Oct-2024,2025-01-24,1199449.0,Physical Inspection,WS/MP457/2024-2025/149288,,,2026-02-27,1199449.0,1199449.0,1.0,2026-02-27,1,1.0,,592.0,0,0,1,0,0.23050540806495062,Detected by Isolation Forest pattern analysis
7155,Normal/Others,WS/MP654/2024-2025/149305-Providing drains and gutters for public drainage,Madhya Pradesh,ANUPPUR(DISTRICT COLLECTOR ANUPPUR_IDA),Smt Himadri Singh,SHAHDOL (ST),RCC drain construction work from next to Panchayat Bhawan towards  Gendlal  Bhaina's house. Implementing Agency - Gram Panchayat,24-Oct-2024,2024-11-20,1479000.0,Work partially Completed,WS/MP654/2024-2025/149305,,,,,731000.0,1.0,2026-09-03,0,0.4942528735632184,,657.0,0,1,1,0,0.13574297542580321,Detected by Isolation Forest pattern analysis
7169,Normal/Others,WS/MP18177/2024-2025/149344-Construction of public staircase/ stair ghat for public convenience,Tamil Nadu,NAMAKKAL(DISTRICT COLLECTOR NAMAKKAL_IDA),K E PRAKASH,ERODE,Construction of Bathing Ghat at ward No:4 on the river bank behind Angalamman Temple in Kumarapalayam Municipality 2024- 2025,25-Oct-2024,2024-11-20,2000000.0,Physical Inspection,WS/MP18177/2024-2025/149344,,,2026-07-10,2000000.0,2000000.0,1.0,2026-07-06,1,1.0,,657.0,0,0,1,0,0.18109896183562058,Detected by Isolation Forest pattern analysis
7186,Normal/Others,"WS/MP18048/2024-2025/149433-Construction of roads, link roads, pathways or any other road with or without drainage system",Chhattisgarh,BIJAPUR(Collector Bijapur_IDA),MAHESH KASHYAP,BASTAR(ST),jangti devraj ghar se n.h.63 tak 200 metre c.c.sadak nirman karya,26-Oct-2024,2025-01-09,693074.0,Work partially Completed,WS/MP18048/2024-2025/149433,,,,,346092.0,1.0,2026-06-17,0,0.4993579329191399,,607.0,0,1,1,0,0.1746015766216294,Detected by Isolation Forest pattern analysis
7293,Normal/Others,WS/MP719/2024-2025/149562-Construction of community centers and community halls,Rajasthan,AJMER(DISTRICT COLLECTOR AJMER_IDA),Bhagirath Chaudhary,AJMER,CONSTRUCTION OF NEW COMUNITY HALL AT BUS STAND KATSURA,26-Oct-2024,2025-01-09,500000.0,Work Completed,WS/MP719/2024-2025/149562,,,2026-01-20,499540.0,99540.0,1.0,2026-08-27,1,0.19908,,607.0,0,0,1,0,0.14744730663658012,Detected by Isolation Forest pattern analysis
7342,Normal/Others,WS/MP18065/2024-2025/149667-Construction of community centers and community halls,Haryana,JHAJJAR(DEPUTY COMMISSIONER cum NODAL OFFICER MPLADS JHAJJAR),DEEPENDER SINGH HOODA,ROHTAK,Development works in Harijan Choupal,28-Oct-2024,2024-12-31,500000.0,Physical Inspection,WS/MP18065/2024-2025/149667,,,2026-02-09,489698.0,489698.0,1.0,2026-03-25,1,0.979396,,616.0,0,0,1,0,0.1980912446514242,Detected by Isolation Forest pattern analysis
7351,Normal/Others,WS/MP18356/2025-2026/149682-Construction of bus-sheds or bus-stops,Karnataka,BELAGAVI(DEPUTY COMMISSIONER BELGAUM_IDA),PRIYANKA SATISH JARKIHOLI,CHIKKODI,Construction of HI-TECH Bus Shelter at BASAVESHWAR CIRCLE towards Gokak Road ward -13 in Chikkodi,28-Oct-2024,2026-02-16,800000.0,Work Completed,WS/MP18356/2025-2026/149682,,,2026-02-16,760777.0,760777.0,2.0,2026-05-20,1,0.95097125,,204.0,0,0,1,0,0.0897579594493838,Detected by Isolation Forest pattern analysis
7363,Normal/Others,"WS/MP828/2024-2025/149712-Construction of roads, link roads, pathways or any other road with or without drainage system",West Bengal,NADIA(DISTRICT MAGISTRATE NADIA_IDA),Jagannath Sarkar,RANAGHAT(SC),"construction of concreate Road from h/o Asit Mondal to Naba Milan Sangha from Promodnagar under Babla Gram Panchayet, Santipur Dev.  Block",28-Oct-2024,2025-01-20,369565.0,Physical Inspection,WS/MP828/2024-2025/149712,,,2026-07-23,369565.0,369565.0,1.0,2026-02-27,1,1.0,,596.0,0,0,1,0,0.22942316402003177,Detected by Isolation Forest pattern analysis
7368,Normal/Others,"WS/MP828/2024-2025/149717-Construction of roads, link roads, pathways or any other road with or without drainage system",West Bengal,NADIA(DISTRICT MAGISTRATE NADIA_IDA),Jagannath Sarkar,RANAGHAT(SC),"Construction of Concrete Road from the Meler Math Adi Bari to the Meler Math SSK School, booth-61 under Haripur Gram Panchayet, Santipur Dev. Block",28-Oct-2024,2025-01-20,1049232.0,Physical Inspection,WS/MP828/2024-2025/149717,,,2026-07-23,1049232.0,1049232.0,1.0,2026-02-27,1,1.0,,596.0,0,0,1,0,0.22942316402003177,Detected by Isolation Forest pattern analysis
7380,Normal/Others,WS/MP458/2025-2026/149732-Construction of community centers and community halls,Tamil Nadu,Thoothukkudi(DISTRICT COLLECTOR THOOTHUKUDI_IDA),Kanimozhi Karunanidhi,THOOTHUKKUDI,Construction of Community Hall at Kilavipatti Village and Panchayat  Kovilpatti Panchayat Union,02-Nov-2024,2025-12-16,4000000.0,Work partially Completed,WS/MP458/2025-2026/149732,,,,,2709989.0,1.0,2026-01-05,0,0.67749725,,266.0,0,1,1,0,0.11921590253015857,Detected by Isolation Forest pattern analysis
7420,Normal/Others,WS/MP18277/2025-2026/149810-Construction of community centers and community halls,West Bengal,PURBA BARDHAMAN(DISTRICT MAGISTRATE PURBA BARDHAMAN_IDA),AZAD KIRTI JHA,BARDHAMAN-DURGAPUR,"Construction of community hall at Bhatar bazar Plot No:2816/2817/2806, JL No:-63, Mouza:-Palar",29-Oct-2024,2025-05-21,10000000.0,Vendor Identification,WS/MP18277/2025-2026/149810,,,,,5758516.0,1.0,2026-03-24,0,0.5758516,,475.0,0,1,1,0,0.15074827122713935,Detected by Isolation Forest pattern analysis
7493,Normal/Others,"WS/MP710/2025-2026/149889-Construction of roads, link roads, pathways or any other road with or without drainage system",Puducherry,Puducherry(PROJECT DIRECTOR RDA PUDUCHERRY_IDA),Vaithilingam Ve,Puducherry,"Providing WBM road facilities from Nagooranthottam to Sri Pichavaram swamy temple at Veerampattinam village in Ariankuppam Commune Panchayat, Puducherry",29-Oct-2024,2025-07-29,1500000.0,Physical Inspection,WS/MP710/2025-2026/149889,,,2026-08-25,1229867.0,1229867.0,1.0,2026-08-25,1,0.8199113333333333,,406.0,0,0,1,0,0.16029007570376103,Detected by Isolation Forest pattern analysis
7553,Normal/Others,"WS/MP18263/2025-2026/149961-Construction of roads, link roads, pathways or any other road with or without drainage system",Karnataka,UDUPI(DEPUTY COMMISSIONER UDUPI_IDA),KOTA SRINIVAS POOJARY,UDUPI CHIKMAGALUR,"Udupi District, brahmavara taluk, haradi grama panchayath, Bikadi village, ration distribute centre front  road development work",29-Oct-2024,2026-03-06,400000.0,Work Completed,WS/MP18263/2025-2026/149961,,,2026-03-09,400000.0,400000.0,1.0,2026-03-09,1,1.0,,186.0,0,0,1,0,0.20536992987707625,Detected by Isolation Forest pattern analysis
7554,Normal/Others,"WS/MP18263/2026-2027/149962-Construction of roads, link roads, pathways or any other road with or without drainage system",Karnataka,UDUPI(DEPUTY COMMISSIONER UDUPI_IDA),KOTA SRINIVAS POOJARY,UDUPI CHIKMAGALUR,"Udupi District, brahmavara taluk, Neelavara grama panchayath, from padu neelavara water tank upto factory  road development work",29-Oct-2024,2026-08-29,400000.0,Vendor Identification,WS/MP18263/2026-2027/149962,,,,,400000.0,1.0,2026-08-31,0,1.0,,10.0,0,1,1,0,0.08186891093166493,Detected by Isolation Forest pattern analysis
7555,Normal/Others,"WS/MP18263/2025-2026/149964-Construction of roads, link roads, pathways or any other road with or without drainage system",Karnataka,UDUPI(DEPUTY COMMISSIONER UDUPI_IDA),KOTA SRINIVAS POOJARY,UDUPI CHIKMAGALUR,"Udupi District, brahmavara taluk, 38 kalthuru grama panchayath kenjur village,from kolbettu road upto nukkibettu jayakara shetty’s house  road development work",29-Oct-2024,2025-12-30,400000.0,Work Completed,WS/MP18263/2025-2026/149964,,,2026-01-29,400000.0,400000.0,1.0,2026-01-29,1,1.0,,252.0,0,0,1,0,0.20983137971537247,Detected by Isolation Forest pattern analysis
7557,Normal/Others,WS/MP18188/2025-2026/149967-Installing tube-wells and borewells,Telangana,VIKARABAD(DISTRICT COLLECTOR VIKARABAD_2),KONDA VISHWESHWAR REDDY,CHELVELLA,"Drilling of Bore well, providing Motor at Maddulagadda Thanda Hanuman Temple in Ward No.6 in Vikarabad Municipality",29-Oct-2024,2025-06-09,150000.0,Vendor Identification,WS/MP18188/2025-2026/149967,,,,,146150.0,1.0,2026-05-27,0,0.9743333333333334,,456.0,0,1,1,0,0.18981094696887857,Detected by Isolation Forest pattern analysis
7558,Normal/Others,WS/MP18188/2025-2026/149968-Installing tube-wells and borewells,Telangana,VIKARABAD(DISTRICT COLLECTOR VIKARABAD_2),KONDA VISHWESHWAR REDDY,CHELVELLA,"Drilling of Bore well, providing Motor at Venkatapur Thanda Pochamma Temple in Ward No.6 in Vikarabad Municipality",29-Oct-2024,2025-06-09,150000.0,Vendor Identification,WS/MP18188/2025-2026/149968,,,,,147024.0,1.0,2026-05-27,0,0.98016,,456.0,0,1,1,0,0.1999529938132127,Detected by Isolation Forest pattern analysis
7561,Normal/Others,WS/MP18328/2024-2025/149978-Setting up of kitchen and pantries,Himachal Pradesh,CHAMBA(DEPUTY COMMISSIONER CHAMBA_IDA),Kangana Ranaut,MANDI,C/o Community Kitchen at Tundah in GP Tundah.Work Execute By:- BDO Bharmour,29-Oct-2024,2025-03-12,400000.0,Vendor Identification,WS/MP18328/2024-2025/149978,,,,,200000.0,1.0,2026-03-24,0,0.5,,545.0,0,1,1,0,0.1696284895844154,Detected by Isolation Forest pattern analysis
7578,Normal/Others,WS/MP329/2024-2025/150043-Improvement of electricity distribution infrastructure,Haryana,Charkhi Dadri(Deputy Commissioner Charkhi Dadri_IDA),Shri  Dharambir Singh,BHIWANI MAHENDRAGARH,Shifting of 33 kv line near bala ji mandir of village Pichopa Kalan,30-Oct-2024,2024-12-27,41500.0,Vendor Identification,WS/MP329/2024-2025/150043,,,,,41500.0,1.0,2026-08-26,0,1.0,,620.0,0,1,1,0,0.2179618003903795,Detected by Isolation Forest pattern analysis
7581,Normal/Others,WS/MP458/2025-2026/150048-Construction of community centers and community halls,Tamil Nadu,Thoothukkudi(DISTRICT COLLECTOR THOOTHUKUDI_IDA),Kanimozhi Karunanidhi,THOOTHUKKUDI,Construction of Community Hall at Pommaiahpuram Village in Sakkammalpuram Panchayat Vilathikulam Panchayat Union,02-Nov-2024,2026-02-23,3999840.0,Physical Inspection,WS/MP458/2025-2026/150048,,,2026-03-10,3999840.0,3999840.0,1.0,2026-03-10,1,1.0,,197.0,0,0,1,0,0.21216253315651412,Detected by Isolation Forest pattern analysis
7582,Normal/Others,WS/MP458/2025-2026/150051-Construction of community centers and community halls,Tamil Nadu,Thoothukkudi(DISTRICT COLLECTOR THOOTHUKUDI_IDA),Kanimozhi Karunanidhi,THOOTHUKKUDI,Construction of Community Hall at Arunthathiyar street in Sivagnanapuram Village and Panchayat in Vilathikulam Panchayat Union,02-Nov-2024,2026-02-06,1998754.0,Physical Inspection,WS/MP458/2025-2026/150051,,,2026-02-13,1998754.0,1998754.0,1.0,2026-02-16,1,1.0,,214.0,0,0,1,0,0.21569193923721697,Detected by Isolation Forest pattern analysis
7586,Normal/Others,WS/MP413/2025-2026/150066-Lighting of public spaces,Bihar,GOPALGANJ(DISTRICT PLANNING OFFICER GOPALGANJ_IDA),Alok Kumar Suman,GOPALGANJ (SC),"Under the Member of Parliament Local Area Development Scheme, an amount of Rs 49 lakh 90 thousand is recommended from my MP fund for the supply and installation of 5 high mast lights (including electricity) in Gopalganj Municipal Council of Gopalganj district.",30-Oct-2024,2025-08-11,995000.0,Physical Inspection,WS/MP413/2025-2026/150066,,,2026-03-25,995000.0,995000.0,1.0,2026-03-25,1,1.0,,393.0,0,0,1,0,0.22825954937454873,Detected by Isolation Forest pattern analysis
7587,Normal/Others,WS/MP413/2025-2026/150073-Lighting of public spaces,Bihar,GOPALGANJ(DISTRICT PLANNING OFFICER GOPALGANJ_IDA),Alok Kumar Suman,GOPALGANJ (SC),"Under the Member of Parliament Local Area Development Scheme, an amount of Rs 49 lakh 90 thousand is recommended from my MP fund for the supply and installation of 5 high mast lights (including electricity) in Gopalganj Municipal Council of Gopalganj district.",30-Oct-2024,2025-08-11,995000.0,Physical Inspection,WS/MP413/2025-2026/150073,,,2026-03-30,995000.0,995000.0,1.0,2026-04-01,1,1.0,,393.0,0,0,1,0,0.22825954937454873,Detected by Isolation Forest pattern analysis
7588,Normal/Others,WS/MP458/2026-2027/150074-Construction of water tanks,Tamil Nadu,Thoothukkudi(DISTRICT COLLECTOR THOOTHUKUDI_IDA),Kanimozhi Karunanidhi,THOOTHUKKUDI,Construction of 100000 litre capacity of OHT at Adithanar colony in Kayamozhi Panchayat in Tiruchendur Union,02-Nov-2024,2026-05-21,3000000.0,Vendor Identification,WS/MP458/2026-2027/150074,,,,,3000000.0,1.0,2026-05-29,0,1.0,,110.0,0,1,1,0,0.16682212392457563,Detected by Isolation Forest pattern analysis
7589,Normal/Others,WS/MP413/2025-2026/150075-Lighting of public spaces,Bihar,GOPALGANJ(DISTRICT PLANNING OFFICER GOPALGANJ_IDA),Alok Kumar Suman,GOPALGANJ (SC),"Under the Member of Parliament Local Area Development Scheme, an amount of Rs 49 lakh 90 thousand is recommended from my MP fund for the supply and installation of 5 high mast lights (including electricity) in Gopalganj Municipal Council of Gopalganj district.",30-Oct-2024,2025-08-11,995000.0,Physical Inspection,WS/MP413/2025-2026/150075,,,2026-03-30,995000.0,995000.0,1.0,2026-04-01,1,1.0,,393.0,0,0,1,0,0.22825954937454873,Detected by Isolation Forest pattern analysis
7591,Normal/Others,WS/MP413/2025-2026/150082-Lighting of public spaces,Bihar,GOPALGANJ(DISTRICT PLANNING OFFICER GOPALGANJ_IDA),Alok Kumar Suman,GOPALGANJ (SC),"Under the Member of Parliament Local Area Development Scheme, an amount of Rs 49 lakh 90 thousand is recommended from my MP fund for the supply and installation of 5 high mast lights (including electricity) in Gopalganj Municipal Council of Gopalganj district.",30-Oct-2024,2025-08-11,995000.0,Physical Inspection,WS/MP413/2025-2026/150082,,,2026-03-30,995000.0,995000.0,1.0,2026-04-01,1,1.0,,393.0,0,0,1,0,0.22825954937454873,Detected by Isolation Forest pattern analysis
7593,Normal/Others,WS/MP413/2025-2026/150084-Lighting of public spaces,Bihar,GOPALGANJ(DISTRICT PLANNING OFFICER GOPALGANJ_IDA),Alok Kumar Suman,GOPALGANJ (SC),"Under the Member of Parliament Local Area Development Scheme, an amount of Rs 49 lakh 90 thousand is recommended from my MP fund for the supply and installation of 5 high mast lights (including electricity) in Gopalganj Municipal Council of Gopalganj district.",30-Oct-2024,2025-08-11,995000.0,Physical Inspection,WS/MP413/2025-2026/150084,,,2026-03-30,995000.0,995000.0,1.0,2026-04-01,1,1.0,,393.0,0,0,1,0,0.22825954937454873,Detected by Isolation Forest pattern analysis
7595,Normal/Others,WS/MP413/2025-2026/150086-Lighting of public spaces,Bihar,GOPALGANJ(DISTRICT PLANNING OFFICER GOPALGANJ_IDA),Alok Kumar Suman,GOPALGANJ (SC),"Under the Member of Parliament Local Area Development Scheme, an amount of Rs 49 lakh 90 thousand is recommended from my MP fund for the supply and installation of 5 high mast lights (including electricity) in Gopalganj Municipal Council and Barauli Municipal Council of Gopalganj district.",30-Oct-2024,2025-08-11,995000.0,Physical Inspection,WS/MP413/2025-2026/150086,,,2026-03-30,995000.0,995000.0,1.0,2026-04-01,1,1.0,,393.0,0,0,1,0,0.22825954937454873,Detected by Isolation Forest pattern analysis
7597,Normal/Others,WS/MP413/2025-2026/150089-Lighting of public spaces,Bihar,GOPALGANJ(DISTRICT PLANNING OFFICER GOPALGANJ_IDA),Alok Kumar Suman,GOPALGANJ (SC),"Under the Member of Parliament Local Area Development Scheme, an amount of Rs 49 lakh 90 thousand is recommended from my MP fund for the supply and installation of 5 high mast lights (including electricity) in Gopalganj Municipal Council and Barauli Municipal Council of Gopalganj district.",30-Oct-2024,2025-08-13,995000.0,Physical Inspection,WS/MP413/2025-2026/150089,,,2026-03-30,995000.0,995000.0,1.0,2026-04-01,1,1.0,,391.0,0,0,1,0,0.227295086122147,Detected by Isolation Forest pattern analysis
7599,Normal/Others,WS/MP413/2025-2026/150091-Lighting of public spaces,Bihar,GOPALGANJ(DISTRICT PLANNING OFFICER GOPALGANJ_IDA),Alok Kumar Suman,GOPALGANJ (SC),"Under the Member of Parliament Local Area Development Scheme, an amount of Rs 49 lakh 90 thousand is recommended from my MP fund for the supply and installation of 5 high mast lights (including electricity) in Gopalganj Municipal Council and Barauli Municipal Council of Gopalganj district.",30-Oct-2024,2025-08-11,995000.0,Physical Inspection,WS/MP413/2025-2026/150091,,,2026-03-25,995000.0,995000.0,1.0,2026-03-25,1,1.0,,393.0,0,0,1,0,0.22825954937454873,Detected by Isolation Forest pattern analysis
7600,Normal/Others,WS/MP413/2025-2026/150093-Lighting of public spaces,Bihar,GOPALGANJ(DISTRICT PLANNING OFFICER GOPALGANJ_IDA),Alok Kumar Suman,GOPALGANJ (SC),"Under the Member of Parliament Local Area Development Scheme, an amount of Rs 49 lakh 90 thousand is recommended from my MP fund for the supply and installation of 5 high mast lights (including electricity) in Gopalganj Municipal Council and Barauli Municipal Council of Gopalganj district.",30-Oct-2024,2025-08-11,995000.0,Physical Inspection,WS/MP413/2025-2026/150093,,,2026-03-25,995000.0,995000.0,1.0,2026-03-25,1,1.0,,393.0,0,0,1,0,0.22825954937454873,Detected by Isolation Forest pattern analysis
7601,Normal/Others,WS/MP413/2025-2026/150094-Lighting of public spaces,Bihar,GOPALGANJ(DISTRICT PLANNING OFFICER GOPALGANJ_IDA),Alok Kumar Suman,GOPALGANJ (SC),"Under the Member of Parliament Local Area Development Scheme, an amount of Rs 49 lakh 90 thousand is recommended from my MP fund for the supply and installation of 5 high mast lights (including electricity) in Gopalganj Municipal Council and Barauli Municipal Council of Gopalganj district.",30-Oct-2024,2025-08-11,995000.0,Physical Inspection,WS/MP413/2025-2026/150094,,,2026-03-23,995000.0,995000.0,1.0,2026-03-23,1,1.0,,393.0,0,0,1,0,0.22825954937454873,Detected by Isolation Forest pattern analysis
7621,Normal/Others,WS/MP18248/2024-2025/150128-Construction of community centers and community halls,West Bengal,PURBA BARDHAMAN(DISTRICT MAGISTRATE PURBA BARDHAMAN_IDA),DR. SHARMILA SARKAR,BARDHAMAN PURBA(SC),"Construction of meeting hall cum training center at Katwa 2 Dev Block office under  Katwa 2 Dev Block , Purba Bardhaman",30-Oct-2024,2025-02-25,3000000.0,Work Completed,WS/MP18248/2024-2025/150128,,,2026-03-25,2444263.0,687844.0,1.0,2026-03-23,1,0.2292813333333333,,560.0,0,0,1,0,0.14564888601854142,Detected by Isolation Forest pattern analysis
7622,Normal/Others,"WS/MP18248/2024-2025/150129-Construction of rooms and facilities for hospitals, FWC , PHC Centers and ANM centers",West Bengal,PURBA BARDHAMAN(DISTRICT MAGISTRATE PURBA BARDHAMAN_IDA),DR. SHARMILA SARKAR,BARDHAMAN PURBA(SC),Construction of proposed ground floor OPD building at Memari rural hospital under Memari -I,30-Oct-2024,2025-03-10,2400000.0,Work partially Completed,WS/MP18248/2024-2025/150129,,,,,987384.0,1.0,2026-08-11,0,0.41141,,547.0,0,1,1,0,0.15438769641006228,Detected by Isolation Forest pattern analysis
7758,Normal/Others,WS/MP18193/2025-2026/150343-Providing CCTV camera system for security of public areas,Telangana,RANGA REDDY(DISTRICT COLLECTOR RANGAREDDY_IDA),EATALA RAJENDER,MALKAJGIRI,"Installation of CCTV Cameras at Sri Ramnagar Colony, Ward No. 12 Mansoorabad Circle -3, GHMC, Ranga Reddy District.",01-Nov-2024,2025-08-21,400000.0,Work Completed,WS/MP18193/2025-2026/150343,,,2026-03-31,399625.0,399625.0,1.0,2026-03-31,1,0.9990625,,383.0,0,0,1,0,0.2195602277345381,Detected by Isolation Forest pattern analysis
7770,Trust and Society,WS/MP18108/2025-2026/150360-Construction of additional rooms and halls in the existing public and community building,Madhya Pradesh,SAGAR(DISTRICT COLLECTOR SAGAR_IDA),DR. LATA WANKHEDE,SAGAR,Yog Niketan Yog Training Sansthan yog dham sagar me kaksh Nirman Hetu,02-Nov-2024,2025-11-12,300000.0,Vendor Identification,WS/MP18108/2025-2026/150360,,,,,268164.0,1.0,2026-04-29,0,0.89388,,300.0,0,1,1,0,0.16280994642773672,Detected by Isolation Forest pattern analysis
7795,Normal/Others,WS/MP413/2026-2027/150424-Lighting of public spaces,Bihar,GOPALGANJ(DISTRICT PLANNING OFFICER GOPALGANJ_IDA),Alok Kumar Suman,GOPALGANJ (SC),"Under the Member of Parliament Local Area Development Scheme, an amount of Rs 49 lakh 90 thousand is recommended from my MP fund for the supply and installation of 5 high mast lights (including electricity) in Hathua Nagar Panchayat and Barauli Nagar Parishad of Gopalganj district.",03-Nov-2024,2026-05-19,995000.0,Physical Inspection,WS/MP413/2026-2027/150424,,,,,995000.0,1.0,2026-05-21,0,1.0,,112.0,0,1,1,0,0.1687619763150764,Detected by Isolation Forest pattern analysis
7796,Normal/Others,WS/MP413/2026-2027/150425-Lighting of public spaces,Bihar,GOPALGANJ(DISTRICT PLANNING OFFICER GOPALGANJ_IDA),Alok Kumar Suman,GOPALGANJ (SC),"Under the Member of Parliament Local Area Development Scheme, an amount of Rs 49 lakh 90 thousand is recommended from my MP fund for the supply and installation of 5 high mast lights (including electricity) in Hathua Nagar Panchayat and Barauli Nagar Parishad of Gopalganj district.",03-Nov-2024,2026-04-09,995000.0,Physical Inspection,WS/MP413/2026-2027/150425,,,2026-04-13,995000.0,995000.0,1.0,2026-04-13,1,1.0,,152.0,0,0,1,0,0.18843968984092496,Detected by Isolation Forest pattern analysis
7797,Normal/Others,WS/MP413/2025-2026/150426-Lighting of public spaces,Bihar,GOPALGANJ(DISTRICT PLANNING OFFICER GOPALGANJ_IDA),Alok Kumar Suman,GOPALGANJ (SC),"Under the Member of Parliament Local Area Development Scheme, an amount of Rs 49 lakh 90 thousand is recommended from my MP fund for the supply and installation of 5 high mast lights (including electricity) in Hathua Nagar Panchayat and Barauli Nagar Parishad of Gopalganj district.",03-Nov-2024,2025-08-11,995000.0,Physical Inspection,WS/MP413/2025-2026/150426,,,2026-03-30,995000.0,995000.0,1.0,2026-04-01,1,1.0,,393.0,0,0,1,0,0.22825954937454873,Detected by Isolation Forest pattern analysis
7798,Normal/Others,WS/MP413/2026-2027/150427-Lighting of public spaces,Bihar,GOPALGANJ(DISTRICT PLANNING OFFICER GOPALGANJ_IDA),Alok Kumar Suman,GOPALGANJ (SC),"Under the Member of Parliament Local Area Development Scheme, an amount of Rs 49 lakh 90 thousand is recommended from my MP fund for the supply and installation of 5 high mast lights (including electricity) in Hathua Nagar Panchayat and Barauli Nagar Parishad of Gopalganj district.",03-Nov-2024,2026-04-09,995000.0,Physical Inspection,WS/MP413/2026-2027/150427,,,2026-04-09,995000.0,995000.0,1.0,2026-04-13,1,1.0,,152.0,0,0,1,0,0.18843968984092496,Detected by Isolation Forest pattern analysis
7799,Normal/Others,WS/MP413/2025-2026/150428-Lighting of public spaces,Bihar,GOPALGANJ(DISTRICT PLANNING OFFICER GOPALGANJ_IDA),Alok Kumar Suman,GOPALGANJ (SC),"Under the Member of Parliament Local Area Development Scheme, an amount of Rs 49 lakh 90 thousand is recommended from my MP fund for the supply and installation of 5 high mast lights (including electricity) in Hathua Nagar Panchayat and Barauli Nagar Parishad of Gopalganj district.",03-Nov-2024,2025-08-11,995000.0,Physical Inspection,WS/MP413/2025-2026/150428,,,2026-03-30,995000.0,995000.0,1.0,2026-04-01,1,1.0,,393.0,0,0,1,0,0.22825954937454873,Detected by Isolation Forest pattern analysis
7801,Normal/Others,WS/MP413/2025-2026/150431-Lighting of public spaces,Bihar,GOPALGANJ(DISTRICT PLANNING OFFICER GOPALGANJ_IDA),Alok Kumar Suman,GOPALGANJ (SC),"Under the Member of Parliament Local Area Development Scheme, an amount of Rs 49 lakh 90 thousand is recommended from my MP fund for the supply and installation of 5 high mast lights (including electricity) in Mirganj Municipal Council and Kateya Nagar Panchayat of Gopalganj district.",03-Nov-2024,2025-08-11,995000.0,Physical Inspection,WS/MP413/2025-2026/150431,,,2026-03-30,995000.0,995000.0,1.0,2026-04-01,1,1.0,,393.0,0,0,1,0,0.22825954937454873,Detected by Isolation Forest pattern analysis
7802,Normal/Others,WS/MP413/2025-2026/150433-Lighting of public spaces,Bihar,GOPALGANJ(DISTRICT PLANNING OFFICER GOPALGANJ_IDA),Alok Kumar Suman,GOPALGANJ (SC),"Under the Member of Parliament Local Area Development Scheme, an amount of Rs 49 lakh 90 thousand is recommended from my MP fund for the supply and installation of 5 high mast lights (including electricity) in Mirganj Municipal Council and Kateya Nagar Panchayat of Gopalganj district.",03-Nov-2024,2025-08-11,995000.0,Physical Inspection,WS/MP413/2025-2026/150433,,,2026-03-25,995000.0,995000.0,1.0,2026-03-25,1,1.0,,393.0,0,0,1,0,0.22825954937454873,Detected by Isolation Forest pattern analysis
7803,Normal/Others,WS/MP413/2025-2026/150434-Lighting of public spaces,Bihar,GOPALGANJ(DISTRICT PLANNING OFFICER GOPALGANJ_IDA),Alok Kumar Suman,GOPALGANJ (SC),"Under the Member of Parliament Local Area Development Scheme, an amount of Rs 49 lakh 90 thousand is recommended from my MP fund for the supply and installation of 5 high mast lights (including electricity) in Mirganj Municipal Council and Kateya Nagar Panchayat of Gopalganj district.",03-Nov-2024,2025-08-11,995000.0,Physical Inspection,WS/MP413/2025-2026/150434,,,2026-03-23,995000.0,995000.0,1.0,2026-03-23,1,1.0,,393.0,0,0,1,0,0.22825954937454873,Detected by Isolation Forest pattern analysis
7804,Normal/Others,WS/MP18225/2025-2026/150435-Installing hand pumps,Uttar Pradesh,PRATAPGARH(DISTRICT MAGISTRAE PRATAPGARH_IDA),PUSHPENDRA SAROJ,KAUSHAMBI(SC),"Rakesh Son of Mohan Lal Pasi Add.-Village Umari ka Tilla, Chheuga Bihar Pratapgrah ke Ghar ke samne hundpump",03-Nov-2024,2025-04-26,50781.0,Physical Inspection,WS/MP18225/2025-2026/150435,,,2026-02-09,50781.0,50781.0,1.0,2026-01-19,1,1.0,,500.0,0,0,1,0,0.25240174292653084,Detected by Isolation Forest pattern analysis
7805,Normal/Others,WS/MP18225/2025-2026/150436-Installing hand pumps,Uttar Pradesh,PRATAPGARH(DISTRICT MAGISTRAE PRATAPGARH_IDA),PUSHPENDRA SAROJ,KAUSHAMBI(SC),"Dharmendra Son of Ram Nihore Pasi Add.-Village Pasiyana, Pithipur, Bihar Pratapgrah ke Ghar ke samne hundpump",03-Nov-2024,2025-04-26,50781.0,Physical Inspection,WS/MP18225/2025-2026/150436,,,2026-02-09,50781.0,50781.0,1.0,2026-01-19,1,1.0,,500.0,0,0,1,0,0.25240174292653084,Detected by Isolation Forest pattern analysis
7812,Normal/Others,WS/MP18225/2025-2026/150443-Installing hand pumps,Uttar Pradesh,PRATAPGARH(DISTRICT MAGISTRAE PRATAPGARH_IDA),PUSHPENDRA SAROJ,KAUSHAMBI(SC),Babulal Son of Jhallar Pasi Add.-Kareni Bihar ke Ghar ke samne hundpump,03-Nov-2024,2025-04-26,50781.0,Physical Inspection,WS/MP18225/2025-2026/150443,,,2026-02-09,50781.0,50781.0,1.0,2026-01-19,1,1.0,,500.0,0,0,1,0,0.25240174292653084,Detected by Isolation Forest pattern analysis
7813,Normal/Others,WS/MP18225/2025-2026/150444-Installing hand pumps,Uttar Pradesh,PRATAPGARH(DISTRICT MAGISTRAE PRATAPGARH_IDA),PUSHPENDRA SAROJ,KAUSHAMBI(SC),Rajni Son of Panna Lal Pasi Add.-Panch Mahuwa Bihar ke Ghar ke samne hundpump,03-Nov-2024,2025-04-26,50800.0,Work partially Completed,WS/MP18225/2025-2026/150444,,,,,50781.0,1.0,2026-04-17,0,0.9996259842519684,,500.0,0,1,1,0,0.25212774510752717,Detected by Isolation Forest pattern analysis
7814,Normal/Others,WS/MP18225/2025-2026/150445-Installing hand pumps,Uttar Pradesh,PRATAPGARH(DISTRICT MAGISTRAE PRATAPGARH_IDA),PUSHPENDRA SAROJ,KAUSHAMBI(SC),Nokhe Lal Son of Ram Swroop Pasi Add.- Devepur Shakardha Bihar ke Ghar ke samne hundpump,03-Nov-2024,2025-04-26,50800.0,Work Completed,WS/MP18225/2025-2026/150445,,,2026-02-09,50781.0,50781.0,1.0,2026-01-19,1,0.9996259842519684,,500.0,0,0,1,0,0.25212774510752717,Detected by Isolation Forest pattern analysis
7815,Normal/Others,WS/MP18225/2025-2026/150446-Installing hand pumps,Uttar Pradesh,PRATAPGARH(DISTRICT MAGISTRAE PRATAPGARH_IDA),PUSHPENDRA SAROJ,KAUSHAMBI(SC),R N Saraoj Son of Late Vijay Add.- Taajuudeenpur Kunda ke Ghar ke samne hundpump,03-Nov-2024,2025-04-26,50800.0,Work partially Completed,WS/MP18225/2025-2026/150446,,,,,50781.0,1.0,2026-04-15,0,0.9996259842519684,,500.0,0,1,1,0,0.25212774510752717,Detected by Isolation Forest pattern analysis
7816,Normal/Others,WS/MP18225/2025-2026/150447-Installing hand pumps,Uttar Pradesh,PRATAPGARH(DISTRICT MAGISTRAE PRATAPGARH_IDA),PUSHPENDRA SAROJ,KAUSHAMBI(SC),"Nanhe son of Ram Swroop Add.- Kamijeet Patti, Bihar ke Ghar ke samne hundpump",03-Nov-2024,2025-04-26,50800.0,Work Completed,WS/MP18225/2025-2026/150447,,,2026-03-27,50781.0,50781.0,1.0,2026-01-19,1,0.9996259842519684,,500.0,0,0,1,0,0.25212774510752717,Detected by Isolation Forest pattern analysis
7822,Normal/Others,WS/MP18225/2025-2026/150453-Installing hand pumps,Uttar Pradesh,PRATAPGARH(DISTRICT MAGISTRAE PRATAPGARH_IDA),PUSHPENDRA SAROJ,KAUSHAMBI(SC),Sukhram Saroj Son of  Nathi Saroj Add.- Mahrajpur ke Ghar ke samne hundpump,03-Nov-2024,2025-04-26,50800.0,Work Completed,WS/MP18225/2025-2026/150453,,,2026-02-10,50781.0,50781.0,1.0,2026-01-19,1,0.9996259842519684,,500.0,0,0,1,0,0.25212774510752717,Detected by Isolation Forest pattern analysis
7826,Normal/Others,WS/MP18225/2025-2026/150457-Installing hand pumps,Uttar Pradesh,PRATAPGARH(DISTRICT MAGISTRAE PRATAPGARH_IDA),PUSHPENDRA SAROJ,KAUSHAMBI(SC),Shiv Kumar Saroj Son of  Dudhnath Add.- Jugrajpur Raiyapur ke Ghar ke samne hundpump,03-Nov-2024,2025-04-26,50800.0,Work partially Completed,WS/MP18225/2025-2026/150457,,,,,50781.0,1.0,2026-04-15,0,0.9996259842519684,,500.0,0,1,1,0,0.25212774510752717,Detected by Isolation Forest pattern analysis
7827,Normal/Others,WS/MP18225/2025-2026/150458-Installing hand pumps,Uttar Pradesh,PRATAPGARH(DISTRICT MAGISTRAE PRATAPGARH_IDA),PUSHPENDRA SAROJ,KAUSHAMBI(SC),Ajay Shankar Yadav Son of  Ram lal Add.- Atar Sui Sarai Bbuin ke Ghar ke samne hundpump,03-Nov-2024,2025-04-26,50800.0,Work partially Completed,WS/MP18225/2025-2026/150458,,,,,50781.0,1.0,2026-04-15,0,0.9996259842519684,,500.0,0,1,1,0,0.25212774510752717,Detected by Isolation Forest pattern analysis
7829,Normal/Others,WS/MP18225/2025-2026/150460-Installing hand pumps,Uttar Pradesh,PRATAPGARH(DISTRICT MAGISTRAE PRATAPGARH_IDA),PUSHPENDRA SAROJ,KAUSHAMBI(SC),Laly Yadav Son of Shiv Harsh kidmbi Add.- mirpur banohi ke Ghar ke samne hundpump,03-Nov-2024,2025-04-26,50800.0,Work partially Completed,WS/MP18225/2025-2026/150460,,,,,50781.0,1.0,2026-04-26,0,0.9996259842519684,,500.0,0,1,1,0,0.25212774510752717,Detected by Isolation Forest pattern analysis
7833,Normal/Others,WS/MP18225/2025-2026/150464-Installing hand pumps,Uttar Pradesh,PRATAPGARH(DISTRICT MAGISTRAE PRATAPGARH_IDA),PUSHPENDRA SAROJ,KAUSHAMBI(SC),Bablu Pasi Son of Shrinath Pasi  Add.- Ahibaranpur Kunda ke Ghar ke samne hundpump,03-Nov-2024,2025-04-26,50800.0,Work partially Completed,WS/MP18225/2025-2026/150464,,,,,50781.0,1.0,2026-03-27,0,0.9996259842519684,,500.0,0,1,1,0,0.25212774510752717,Detected by Isolation Forest pattern analysis
7834,Normal/Others,WS/MP18225/2025-2026/150465-Installing hand pumps,Uttar Pradesh,PRATAPGARH(DISTRICT MAGISTRAE PRATAPGARH_IDA),PUSHPENDRA SAROJ,KAUSHAMBI(SC),Madan Pasi Son of Satish Add.- Ramgarh Banohi ke Ghar ke samne hundpump,03-Nov-2024,2025-04-26,50800.0,Work partially Completed,WS/MP18225/2025-2026/150465,,,,,50781.0,1.0,2026-04-17,0,0.9996259842519684,,500.0,0,1,1,0,0.25212774510752717,Detected by Isolation Forest pattern analysis
7836,Normal/Others,WS/MP18225/2025-2026/150467-Installing hand pumps,Uttar Pradesh,PRATAPGARH(DISTRICT MAGISTRAE PRATAPGARH_IDA),PUSHPENDRA SAROJ,KAUSHAMBI(SC),Pradeep Kumar Yadav Son of  Chandrakesh Add.- Kara Jamethi ke Ghar ke samne hundpump,03-Nov-2024,2025-04-26,50800.0,Work partially Completed,WS/MP18225/2025-2026/150467,,,,,50781.0,1.0,2026-04-15,0,0.9996259842519684,,500.0,0,1,1,0,0.25212774510752717,Detected by Isolation Forest pattern analysis
7837,Normal/Others,WS/MP18225/2025-2026/150468-Installing hand pumps,Uttar Pradesh,PRATAPGARH(DISTRICT MAGISTRAE PRATAPGARH_IDA),PUSHPENDRA SAROJ,KAUSHAMBI(SC),Chhedilal Gautam Son of  Shankar Lal Add.- Shahu Mai Kunda ke Ghar ke samne hundpump,03-Nov-2024,2025-04-26,50800.0,Work partially Completed,WS/MP18225/2025-2026/150468,,,,,50781.0,1.0,2026-04-15,0,0.9996259842519684,,500.0,0,1,1,0,0.25212774510752717,Detected by Isolation Forest pattern analysis
7841,Normal/Others,WS/MP18225/2025-2026/150474-Installing hand pumps,Uttar Pradesh,PRATAPGARH(DISTRICT MAGISTRAE PRATAPGARH_IDA),PUSHPENDRA SAROJ,KAUSHAMBI(SC),Ram Chandra Yadav Son of  Dhanai Lal yadav Add.- Siya Brej ke Ghar ke samne hundpump,03-Nov-2024,2025-04-26,50800.0,Work partially Completed,WS/MP18225/2025-2026/150474,,,,,50781.0,1.0,2026-03-27,0,0.9996259842519684,,500.0,0,1,1,0,0.25212774510752717,Detected by Isolation Forest pattern analysis
7849,Normal/Others,WS/MP18225/2025-2026/150482-Installing hand pumps,Uttar Pradesh,PRATAPGARH(DISTRICT MAGISTRAE PRATAPGARH_IDA),PUSHPENDRA SAROJ,KAUSHAMBI(SC),Sunil Kumar Saroj son of Shriram Add.- Dunda ka purwa Bhawanpur ke Ghar ke samne hundpump,03-Nov-2024,2025-04-26,50800.0,Work partially Completed,WS/MP18225/2025-2026/150482,,,,,50781.0,1.0,2026-03-27,0,0.9996259842519684,,500.0,0,1,1,0,0.25212774510752717,Detected by Isolation Forest pattern analysis
7852,Normal/Others,WS/MP18225/2025-2026/150486-Installing hand pumps,Uttar Pradesh,PRATAPGARH(DISTRICT MAGISTRAE PRATAPGARH_IDA),PUSHPENDRA SAROJ,KAUSHAMBI(SC),"Ratilal Patel son of Nanku Patel   Add.- Jugai ka purwa,kandarau ke Ghar ke samne hundpump",03-Nov-2024,2025-04-26,50800.0,Work partially Completed,WS/MP18225/2025-2026/150486,,,,,50781.0,1.0,2026-04-15,0,0.9996259842519684,,500.0,0,1,1,0,0.25212774510752717,Detected by Isolation Forest pattern analysis
7856,Normal/Others,WS/MP18225/2025-2026/150490-Installing hand pumps,Uttar Pradesh,PRATAPGARH(DISTRICT MAGISTRAE PRATAPGARH_IDA),PUSHPENDRA SAROJ,KAUSHAMBI(SC),Shiv lal Patel Son of Raghunath Patel Add.- Lalu Patti ke Ghar ke samne hundpump,03-Nov-2024,2025-04-26,50800.0,Work partially Completed,WS/MP18225/2025-2026/150490,,,,,50781.0,1.0,2026-04-27,0,0.9996259842519684,,500.0,0,1,1,0,0.25212774510752717,Detected by Isolation Forest pattern analysis
7857,Normal/Others,WS/MP18225/2025-2026/150491-Installing hand pumps,Uttar Pradesh,PRATAPGARH(DISTRICT MAGISTRAE PRATAPGARH_IDA),PUSHPENDRA SAROJ,KAUSHAMBI(SC),mohit Saroj Son of Gajraj Saroj   Add.- Kashipur ke Ghar ke samne hundpump,03-Nov-2024,2025-04-26,50800.0,Work partially Completed,WS/MP18225/2025-2026/150491,,,,,50781.0,1.0,2026-04-26,0,0.9996259842519684,,500.0,0,1,1,0,0.25212774510752717,Detected by Isolation Forest pattern analysis
7858,Normal/Others,WS/MP18225/2025-2026/150492-Installing hand pumps,Uttar Pradesh,PRATAPGARH(DISTRICT MAGISTRAE PRATAPGARH_IDA),PUSHPENDRA SAROJ,KAUSHAMBI(SC),Ram Lakhan jaisawal Son of Badri Prasad Add.- Kusuwapur Kalakakar ke Ghar ke samne hundpump,03-Nov-2024,2025-04-26,50800.0,Work partially Completed,WS/MP18225/2025-2026/150492,,,,,50781.0,1.0,2026-04-26,0,0.9996259842519684,,500.0,0,1,1,0,0.25212774510752717,Detected by Isolation Forest pattern analysis
7876,Normal/Others,WS/MP18225/2025-2026/150510-Installing hand pumps,Uttar Pradesh,PRATAPGARH(DISTRICT MAGISTRAE PRATAPGARH_IDA),PUSHPENDRA SAROJ,KAUSHAMBI(SC),Ravindra Gautam Son of Ram chandra Add.- Jhigur Babganj ke Ghar ke samne hundpump,03-Nov-2024,2025-04-26,50800.0,Work partially Completed,WS/MP18225/2025-2026/150510,,,,,50781.0,1.0,2026-04-26,0,0.9996259842519684,,500.0,0,1,1,0,0.25212774510752717,Detected by Isolation Forest pattern analysis
7878,Normal/Others,WS/MP18225/2025-2026/150512-Installing hand pumps,Uttar Pradesh,PRATAPGARH(DISTRICT MAGISTRAE PRATAPGARH_IDA),PUSHPENDRA SAROJ,KAUSHAMBI(SC),Jitendra Patel Son of Ram Singh Add.- Kajipur Kusemar Babganj ke Ghar ke samne hundpump,03-Nov-2024,2025-04-26,50800.0,Work partially Completed,WS/MP18225/2025-2026/150512,,,,,50781.0,1.0,2026-04-15,0,0.9996259842519684,,500.0,0,1,1,0,0.25212774510752717,Detected by Isolation Forest pattern analysis
7879,Normal/Others,WS/MP18225/2025-2026/150513-Installing hand pumps,Uttar Pradesh,PRATAPGARH(DISTRICT MAGISTRAE PRATAPGARH_IDA),PUSHPENDRA SAROJ,KAUSHAMBI(SC),Brijesh Saroj Son of Shankar Lal     Add.- Saray Chhatta Babganj ke Ghar ke samne hundpump,03-Nov-2024,2025-04-26,50800.0,Work partially Completed,WS/MP18225/2025-2026/150513,,,,,50781.0,1.0,2026-03-27,0,0.9996259842519684,,500.0,0,1,1,0,0.25212774510752717,Detected by Isolation Forest pattern analysis
7882,Normal/Others,WS/MP18225/2025-2026/150518-Installing hand pumps,Uttar Pradesh,PRATAPGARH(DISTRICT MAGISTRAE PRATAPGARH_IDA),PUSHPENDRA SAROJ,KAUSHAMBI(SC),Shyam lal Son of Ishwari Prasad Add.- jagapur Babganj ke Ghar ke samne hundpump,03-Nov-2024,2025-04-26,50800.0,Work partially Completed,WS/MP18225/2025-2026/150518,,,,,50781.0,1.0,2026-03-27,0,0.9996259842519684,,500.0,0,1,1,0,0.25212774510752717,Detected by Isolation Forest pattern analysis
7883,Normal/Others,WS/MP18225/2025-2026/150519-Installing hand pumps,Uttar Pradesh,PRATAPGARH(DISTRICT MAGISTRAE PRATAPGARH_IDA),PUSHPENDRA SAROJ,KAUSHAMBI(SC),Arvind Saroj Son of Sarju Prasad Add.- nadiyawa Babganj ke Ghar ke samne hundpump,03-Nov-2024,2025-04-26,50800.0,Work Completed,WS/MP18225/2025-2026/150519,,,2026-02-11,50781.0,50781.0,1.0,2026-01-19,1,0.9996259842519684,,500.0,0,0,1,0,0.25212774510752717,Detected by Isolation Forest pattern analysis
7884,Normal/Others,WS/MP18225/2025-2026/150520-Installing hand pumps,Uttar Pradesh,PRATAPGARH(DISTRICT MAGISTRAE PRATAPGARH_IDA),PUSHPENDRA SAROJ,KAUSHAMBI(SC),Shiv Kumar Yadav Son of Ram Sjiwan Add.- Khanwari Babganj ke Ghar ke samne hundpump,03-Nov-2024,2025-04-26,50800.0,Work partially Completed,WS/MP18225/2025-2026/150520,,,,,50781.0,1.0,2026-04-16,0,0.9996259842519684,,500.0,0,1,1,0,0.25212774510752717,Detected by Isolation Forest pattern analysis
7888,Normal/Others,WS/MP18225/2025-2026/150525-Installing hand pumps,Uttar Pradesh,PRATAPGARH(DISTRICT MAGISTRAE PRATAPGARH_IDA),PUSHPENDRA SAROJ,KAUSHAMBI(SC),Baijnath Saroj Son of Ram Sumer Add.- Dakhwapur Rampur ke Ghar ke samne hundpump,03-Nov-2024,2025-04-26,50800.0,Work partially Completed,WS/MP18225/2025-2026/150525,,,,,50781.0,1.0,2026-04-15,0,0.9996259842519684,,500.0,0,1,1,0,0.25212774510752717,Detected by Isolation Forest pattern analysis
7899,Normal/Others,WS/MP18225/2025-2026/150536-Installing hand pumps,Uttar Pradesh,PRATAPGARH(DISTRICT MAGISTRAE PRATAPGARH_IDA),PUSHPENDRA SAROJ,KAUSHAMBI(SC),Dharmendra Saroj Son of Gangadeen Add.- Beldan ka purwa Jhokwara  ke Ghar ke samne hundpump,03-Nov-2024,2025-04-26,50800.0,Work partially Completed,WS/MP18225/2025-2026/150536,,,,,50781.0,1.0,2026-04-17,0,0.9996259842519684,,500.0,0,1,1,0,0.25212774510752717,Detected by Isolation Forest pattern analysis
7901,Normal/Others,WS/MP18225/2025-2026/150538-Installing hand pumps,Uttar Pradesh,PRATAPGARH(DISTRICT MAGISTRAE PRATAPGARH_IDA),PUSHPENDRA SAROJ,KAUSHAMBI(SC),Rohit Pal Son of Lallu Lal Pal Add.- Pure Chunha Lawana ke Ghar ke samne hundpump,03-Nov-2024,2025-04-26,50800.0,Work partially Completed,WS/MP18225/2025-2026/150538,,,,,50781.0,1.0,2026-03-27,0,0.9996259842519684,,500.0,0,1,1,0,0.25212774510752717,Detected by Isolation Forest pattern analysis
7902,Normal/Others,WS/MP18225/2025-2026/150539-Installing hand pumps,Uttar Pradesh,PRATAPGARH(DISTRICT MAGISTRAE PRATAPGARH_IDA),PUSHPENDRA SAROJ,KAUSHAMBI(SC),Ram Nath Saroj Son of Kalesar Add.- Kandheruwa Rampur ke Ghar ke samne hundpump,03-Nov-2024,2025-04-26,50800.0,Work partially Completed,WS/MP18225/2025-2026/150539,,,,,50781.0,1.0,2026-04-15,0,0.9996259842519684,,500.0,0,1,1,0,0.25212774510752717,Detected by Isolation Forest pattern analysis
7903,Normal/Others,WS/MP18225/2025-2026/150540-Installing hand pumps,Uttar Pradesh,PRATAPGARH(DISTRICT MAGISTRAE PRATAPGARH_IDA),PUSHPENDRA SAROJ,KAUSHAMBI(SC),Lalabazar Eidgrah Kalakakar ke me hundpump,03-Nov-2024,2025-04-26,50800.0,Work partially Completed,WS/MP18225/2025-2026/150540,,,,,50781.0,1.0,2026-04-26,0,0.9996259842519684,,500.0,0,1,1,0,0.25212774510752717,Detected by Isolation Forest pattern analysis
7904,Normal/Others,WS/MP18225/2025-2026/150541-Installing hand pumps,Uttar Pradesh,PRATAPGARH(DISTRICT MAGISTRAE PRATAPGARH_IDA),PUSHPENDRA SAROJ,KAUSHAMBI(SC),Suresh Yadav Son of Shiv mangal Add.- Aparwal ka purwa Chandapur ke Ghar ke samne hundpump,03-Nov-2024,2025-04-26,50800.0,Work partially Completed,WS/MP18225/2025-2026/150541,,,,,50781.0,1.0,2026-04-17,0,0.9996259842519684,,500.0,0,1,1,0,0.25212774510752717,Detected by Isolation Forest pattern analysis
7905,Normal/Others,WS/MP18225/2025-2026/150542-Installing hand pumps,Uttar Pradesh,PRATAPGARH(DISTRICT MAGISTRAE PRATAPGARH_IDA),PUSHPENDRA SAROJ,KAUSHAMBI(SC),Abhishek Yadav Son of Gjadhar Add.- Narayan Singh ka purwa ke Ghar ke samne hundpump,03-Nov-2024,2025-04-26,50800.0,Work partially Completed,WS/MP18225/2025-2026/150542,,,,,50781.0,1.0,2026-03-27,0,0.9996259842519684,,500.0,0,1,1,0,0.25212774510752717,Detected by Isolation Forest pattern analysis
7906,Normal/Others,WS/MP18225/2025-2026/150543-Installing hand pumps,Uttar Pradesh,PRATAPGARH(DISTRICT MAGISTRAE PRATAPGARH_IDA),PUSHPENDRA SAROJ,KAUSHAMBI(SC),Parmesh Yadav Son of Maikulal Add.- Chhinha Lavana ke Ghar ke samne hundpump,03-Nov-2024,2025-04-26,50800.0,Work partially Completed,WS/MP18225/2025-2026/150543,,,,,50781.0,1.0,2026-03-27,0,0.9996259842519684,,500.0,0,1,1,0,0.25212774510752717,Detected by Isolation Forest pattern analysis
7908,Normal/Others,WS/MP18225/2025-2026/150545-Installing hand pumps,Uttar Pradesh,PRATAPGARH(DISTRICT MAGISTRAE PRATAPGARH_IDA),PUSHPENDRA SAROJ,KAUSHAMBI(SC),Kishori Lal Son of Basant Lal Add.- Jhigur Babganj ke Ghar ke samne hundpump,03-Nov-2024,2025-04-26,50800.0,Work partially Completed,WS/MP18225/2025-2026/150545,,,,,50781.0,1.0,2026-03-27,0,0.9996259842519684,,500.0,0,1,1,0,0.25212774510752717,Detected by Isolation Forest pattern analysis
7909,Normal/Others,WS/MP18225/2025-2026/150546-Installing hand pumps,Uttar Pradesh,PRATAPGARH(DISTRICT MAGISTRAE PRATAPGARH_IDA),PUSHPENDRA SAROJ,KAUSHAMBI(SC),Arvind Saroj Son of Ram Milan Add.- Khanwari Babganj ke Ghar ke samne hundpump,03-Nov-2024,2025-04-26,50800.0,Work partially Completed,WS/MP18225/2025-2026/150546,,,,,50781.0,1.0,2026-04-16,0,0.9996259842519684,,500.0,0,1,1,0,0.25212774510752717,Detected by Isolation Forest pattern analysis
7910,Normal/Others,WS/MP18225/2025-2026/150547-Installing hand pumps,Uttar Pradesh,PRATAPGARH(DISTRICT MAGISTRAE PRATAPGARH_IDA),PUSHPENDRA SAROJ,KAUSHAMBI(SC),Kheladhi Son of Ram Autar Pasi Add.- Pure Jhau Babganj ke Ghar ke samne hundpump,03-Nov-2024,2025-04-26,50800.0,Work partially Completed,WS/MP18225/2025-2026/150547,,,,,50781.0,1.0,2026-04-17,0,0.9996259842519684,,500.0,0,1,1,0,0.25212774510752717,Detected by Isolation Forest pattern analysis
7913,Normal/Others,WS/MP18225/2025-2026/150551-Installing hand pumps,Uttar Pradesh,PRATAPGARH(DISTRICT MAGISTRAE PRATAPGARH_IDA),PUSHPENDRA SAROJ,KAUSHAMBI(SC),Haidar Ali Son of Yasheen Aasuri Add.- Chudiyaman ka purwa panigau ke Ghar ke samne hundpump,03-Nov-2024,2025-04-26,50800.0,Work partially Completed,WS/MP18225/2025-2026/150551,,,,,50781.0,1.0,2026-04-27,0,0.9996259842519684,,500.0,0,1,1,0,0.25212774510752717,Detected by Isolation Forest pattern analysis
7916,Normal/Others,WS/MP18225/2025-2026/150554-Installing hand pumps,Uttar Pradesh,PRATAPGARH(DISTRICT MAGISTRAE PRATAPGARH_IDA),PUSHPENDRA SAROJ,KAUSHAMBI(SC),mohd Islam Son of Lal Mohhmad  Add.-  Rampur ke Ghar ke samne hundpump,03-Nov-2024,2025-04-26,50800.0,Work partially Completed,WS/MP18225/2025-2026/150554,,,,,50781.0,1.0,2026-04-27,0,0.9996259842519684,,500.0,0,1,1,0,0.25212774510752717,Detected by Isolation Forest pattern analysis
7917,Normal/Others,WS/MP18225/2025-2026/150555-Installing hand pumps,Uttar Pradesh,PRATAPGARH(DISTRICT MAGISTRAE PRATAPGARH_IDA),PUSHPENDRA SAROJ,KAUSHAMBI(SC),Shiv lal Saroj Son of Bachai Saroj Add.-  Rajpali Rampur ke Ghar ke samne hundpump,03-Nov-2024,2025-04-26,50800.0,Work partially Completed,WS/MP18225/2025-2026/150555,,,,,50781.0,1.0,2026-04-16,0,0.9996259842519684,,500.0,0,1,1,0,0.25212774510752717,Detected by Isolation Forest pattern analysis
7919,Normal/Others,WS/MP18225/2025-2026/150558-Installing hand pumps,Uttar Pradesh,PRATAPGARH(DISTRICT MAGISTRAE PRATAPGARH_IDA),PUSHPENDRA SAROJ,KAUSHAMBI(SC),Rajman Yadav Son of Sahdev Add.-  kamoli Veerbhanpur ke Ghar ke samne hundpump,03-Nov-2024,2025-04-26,50800.0,Work partially Completed,WS/MP18225/2025-2026/150558,,,,,50781.0,1.0,2026-04-15,0,0.9996259842519684,,500.0,0,1,1,0,0.25212774510752717,Detected by Isolation Forest pattern analysis
7922,Normal/Others,WS/MP18225/2025-2026/150561-Installing hand pumps,Uttar Pradesh,PRATAPGARH(DISTRICT MAGISTRAE PRATAPGARH_IDA),PUSHPENDRA SAROJ,KAUSHAMBI(SC),harikesh Saroj Son of Brijlal Add.-  Sansaripur Heeraganj ke Ghar ke samne hundpump,03-Nov-2024,2025-04-26,50800.0,Work partially Completed,WS/MP18225/2025-2026/150561,,,,,50781.0,1.0,2026-04-26,0,0.9996259842519684,,500.0,0,1,1,0,0.25212774510752717,Detected by Isolation Forest pattern analysis
7975,Normal/Others,"WS/MP18277/2025-2026/150717-Purchase of hearse van (Four, three and two wheelers)",West Bengal,PASCHIM BARDHAMAN(DISTRICT MAGISTRATE PASCHIM BARDHAMAN_IDA),AZAD KIRTI JHA,BARDHAMAN-DURGAPUR,Hearse Van as per attached estimate by Bengal Animate Inc.Residents of Durgapur,04-Nov-2024,2025-04-22,1500000.0,Physical Inspection,WS/MP18277/2025-2026/150717,,,2026-03-30,1489500.0,1489500.0,1.0,2026-03-30,1,0.993,,504.0,0,0,1,0,0.2309996421676354,Detected by Isolation Forest pattern analysis
8001,Normal/Others,WS/MP18335/2025-2026/150744-Construction of additional rooms and halls in the existing public and community building,Chhattisgarh,RAIGARH(DISTRICT COLLECTOR RAIGARH_IDA),RADHE SHYAM RATHIYA,RAIGARH(ST),Construction of community hall on the existing Community buiding,05-Nov-2024,2026-01-19,1000000.0,Work partially Completed,WS/MP18335/2025-2026/150744,,,,,400000.0,1.0,2026-07-30,0,0.4,,232.0,0,1,1,0,0.10393400986720558,Detected by Isolation Forest pattern analysis
8012,Normal/Others,WS/MP18335/2025-2026/150782-Construction of community centers and community halls,Chhattisgarh,RAIGARH(DISTRICT COLLECTOR RAIGARH_IDA),RADHE SHYAM RATHIYA,RAIGARH(ST),Construction of Cultural Stage at Chauhanpara Govardhanpur,05-Nov-2024,2025-07-29,200000.0,Work partially Completed,WS/MP18335/2025-2026/150782,,,,,198516.0,1.0,2026-08-31,0,0.99258,,406.0,0,1,1,0,0.2038245366139752,Detected by Isolation Forest pattern analysis
8014,Normal/Others,WS/MP18335/2025-2026/150784-Construction of rooms and halls in school and colleges,Chhattisgarh,RAIGARH(DISTRICT COLLECTOR RAIGARH_IDA),RADHE SHYAM RATHIYA,RAIGARH(ST),"Construction of School Building, Adarsh Vandana Vidyalay, Urdana Raigarh Barrack No.1",05-Nov-2024,2025-07-29,1831000.0,Work partially Completed,WS/MP18335/2025-2026/150784,,,,,729437.0,1.0,2026-08-25,0,0.3983817586018569,,406.0,0,1,1,0,0.14600860348247963,Detected by Isolation Forest pattern analysis
8016,Normal/Others,"WS/MP251/2025-2026/150786-Construction of roads, link roads, pathways or any other road with or without drainage system",West Bengal,North 24 Parganas(DISTRICT MAGISTRATE NORTH TWENTY FOUR PARGANAS_IDA),Prof Sougata Ray,DUM DUM,"Reconstruction of concrete road from 60 1E to 21, Ram Chandra bagchi lane in ward no 5",24-Dec-2024,2026-03-13,1000000.0,Physical Inspection,WS/MP251/2025-2026/150786,,,2026-03-24,1000000.0,1000000.0,1.0,2026-03-24,1,1.0,,179.0,0,0,1,0,0.2014218611305333,Detected by Isolation Forest pattern analysis
8041,Normal/Others,WS/MP18225/2025-2026/150818-Installing hand pumps,Uttar Pradesh,PRATAPGARH(DISTRICT MAGISTRAE PRATAPGARH_IDA),PUSHPENDRA SAROJ,KAUSHAMBI(SC),Rakesh Kumar Yadav S o Ram kuwar Add.- o Punwasi ke ghar ke samne hundpump,06-Nov-2024,2025-04-26,50800.0,Work Completed,WS/MP18225/2025-2026/150818,,,2026-02-10,50781.0,50781.0,1.0,2026-01-19,1,0.9996259842519684,,500.0,0,0,1,0,0.25212774510752717,Detected by Isolation Forest pattern analysis
8052,Normal/Others,WS/MP18225/2025-2026/150832-Installing hand pumps,Uttar Pradesh,PRATAPGARH(DISTRICT MAGISTRAE PRATAPGARH_IDA),PUSHPENDRA SAROJ,KAUSHAMBI(SC),Rakesh Kumar Son of  Ram Prasad Add- Tikriya ke ghar ke samne hundpump,06-Nov-2024,2025-04-26,50800.0,Work partially Completed,WS/MP18225/2025-2026/150832,,,,,50781.0,1.0,2026-04-27,0,0.9996259842519684,,500.0,0,1,1,0,0.25212774510752717,Detected by Isolation Forest pattern analysis
8054,Normal/Others,WS/MP18225/2025-2026/150834-Installing hand pumps,Uttar Pradesh,PRATAPGARH(DISTRICT MAGISTRAE PRATAPGARH_IDA),PUSHPENDRA SAROJ,KAUSHAMBI(SC),Amrit lal Yadav Son of Jagnatth Add- Mehbaan ka purwa Bhaisahana Babaganj ke ghar ke samne hundpump,06-Nov-2024,2025-04-26,50800.0,Work Completed,WS/MP18225/2025-2026/150834,,,2026-02-12,50781.0,50781.0,1.0,2026-01-19,1,0.9996259842519684,,500.0,0,0,1,0,0.25212774510752717,Detected by Isolation Forest pattern analysis
8055,Normal/Others,WS/MP18225/2025-2026/150835-Installing hand pumps,Uttar Pradesh,PRATAPGARH(DISTRICT MAGISTRAE PRATAPGARH_IDA),PUSHPENDRA SAROJ,KAUSHAMBI(SC),Shamm Ahamad Son of Faruk Amahad Add- Alaapur Kalakakar ke ghar ke samne hundpump,06-Nov-2024,2025-04-26,50800.0,Work partially Completed,WS/MP18225/2025-2026/150835,,,,,50781.0,1.0,2026-04-16,0,0.9996259842519684,,500.0,0,1,1,0,0.25212774510752717,Detected by Isolation Forest pattern analysis
8056,Normal/Others,WS/MP18225/2025-2026/150836-Installing hand pumps,Uttar Pradesh,PRATAPGARH(DISTRICT MAGISTRAE PRATAPGARH_IDA),PUSHPENDRA SAROJ,KAUSHAMBI(SC),Amajad Husain Son of Bakrido Add- Parliya yakoobpur ke ghar ke samne hundpump,06-Nov-2024,2025-04-26,50800.0,Work partially Completed,WS/MP18225/2025-2026/150836,,,,,50781.0,1.0,2026-04-17,0,0.9996259842519684,,500.0,0,1,1,0,0.25212774510752717,Detected by Isolation Forest pattern analysis
8057,Normal/Others,WS/MP18225/2025-2026/150837-Installing hand pumps,Uttar Pradesh,PRATAPGARH(DISTRICT MAGISTRAE PRATAPGARH_IDA),PUSHPENDRA SAROJ,KAUSHAMBI(SC),"Aasha Yadav Wife of Late Pradeep Yadav Add.- Dihawa, Ramdas Patti  ke ghar ke samne hundpump",06-Nov-2024,2025-04-26,50800.0,Work partially Completed,WS/MP18225/2025-2026/150837,,,,,50781.0,1.0,2026-04-15,0,0.9996259842519684,,500.0,0,1,1,0,0.25212774510752717,Detected by Isolation Forest pattern analysis
8089,Normal/Others,WS/MP18248/2024-2025/150921-Construction of buildings for community cultural activities,West Bengal,PURBA BARDHAMAN(DISTRICT MAGISTRATE PURBA BARDHAMAN_IDA),DR. SHARMILA SARKAR,BARDHAMAN PURBA(SC),construction of building for cultural activities at Palla ACN Smriti Bidyapith (HS),05-Nov-2024,2025-02-12,700000.0,Vendor Identification,WS/MP18248/2024-2025/150921,,,,,695198.0,1.0,2026-01-21,0,0.99314,,573.0,0,1,1,0,0.2187733355314454,Detected by Isolation Forest pattern analysis
8090,Normal/Others,WS/MP18248/2024-2025/150922-Construction of common work sheds/ common covered sitting area,West Bengal,PURBA BARDHAMAN(DISTRICT MAGISTRATE PURBA BARDHAMAN_IDA),DR. SHARMILA SARKAR,BARDHAMAN PURBA(SC),Baidyadanga Girls High Schhol       (HS),05-Nov-2024,2025-03-10,900000.0,Vendor Identification,WS/MP18248/2024-2025/150922,,,,,813051.0,2.0,2026-01-21,0,0.90339,,547.0,0,1,1,0,0.11012426271665315,Detected by Isolation Forest pattern analysis
8221,Normal/Others,WS/MP18225/2025-2026/151079-Installing hand pumps,Uttar Pradesh,PRATAPGARH(DISTRICT MAGISTRAE PRATAPGARH_IDA),PUSHPENDRA SAROJ,KAUSHAMBI(SC),Manilal Son of Ram Aurat Patel Add.- Gunait ka purwa Benti ke ghar ke samne hundpump,06-Nov-2024,2025-04-26,50800.0,Work partially Completed,WS/MP18225/2025-2026/151079,,,,,50781.0,1.0,2026-04-15,0,0.9996259842519684,,500.0,0,1,1,0,0.25212774510752717,Detected by Isolation Forest pattern analysis
8223,Normal/Others,WS/MP18225/2025-2026/151082-Installing hand pumps,Uttar Pradesh,PRATAPGARH(DISTRICT MAGISTRAE PRATAPGARH_IDA),PUSHPENDRA SAROJ,KAUSHAMBI(SC),Dharmandera Saroj Son of  Harichandra Pasi Add- Fatuhabad babaganj ke ghar ke samne hundpump,06-Nov-2024,2025-04-26,50800.0,Work partially Completed,WS/MP18225/2025-2026/151082,,,,,50781.0,1.0,2026-04-16,0,0.9996259842519684,,500.0,0,1,1,0,0.25212774510752717,Detected by Isolation Forest pattern analysis
8233,Normal/Others,WS/MP18225/2025-2026/151098-Installing hand pumps,Uttar Pradesh,PRATAPGARH(DISTRICT MAGISTRAE PRATAPGARH_IDA),PUSHPENDRA SAROJ,KAUSHAMBI(SC),Kishori Lal son of Dinanath Add.-Annava Andhawa Babaganj ke ghar ke samne hundpump,06-Nov-2024,2025-04-26,50800.0,Work partially Completed,WS/MP18225/2025-2026/151098,,,,,50781.0,1.0,2026-04-15,0,0.9996259842519684,,500.0,0,1,1,0,0.25212774510752717,Detected by Isolation Forest pattern analysis
8235,Normal/Others,"WS/MP18324/2025-2026/151103-Construction of roads, link roads, pathways or any other road with or without drainage system",Gujarat,AMRELI(DISTRICT COLLECTOR AMRELI_IDA),BHARATBHAI MANUBHAI SUTARIYA,AMRELI,Block paving work in different areas of Hadida village,06-Nov-2024,2026-01-31,300000.0,Physical Inspection,WS/MP18324/2025-2026/151103,,,,,300000.0,1.0,2026-09-02,0,1.0,,220.0,0,1,1,0,0.21451420692062262,Detected by Isolation Forest pattern analysis
8238,Normal/Others,"WS/MP18324/2025-2026/151106-Construction of roads, link roads, pathways or any other road with or without drainage system",Gujarat,AMRELI(DISTRICT COLLECTOR AMRELI_IDA),BHARATBHAI MANUBHAI SUTARIYA,AMRELI,C.C. Road in Thordi village from Jamalbhai Ghanchi's house to the old bus stand,06-Nov-2024,2025-09-02,300000.0,Physical Inspection,WS/MP18324/2025-2026/151106,,,,,300000.0,1.0,2026-05-16,0,1.0,,371.0,0,1,1,0,0.22272390052727975,Detected by Isolation Forest pattern analysis
8248,Normal/Others,"WS/MP18324/2025-2026/151157-Construction of roads, link roads, pathways or any other road with or without drainage system",Gujarat,AMRELI(DISTRICT COLLECTOR AMRELI_IDA),BHARATBHAI MANUBHAI SUTARIYA,AMRELI,Block paving work in the SC area of Saldi village,06-Nov-2024,2025-12-10,300000.0,Physical Inspection,WS/MP18324/2025-2026/151157,,,,,300000.0,1.0,2026-07-04,0,1.0,,272.0,0,1,1,0,0.20352960343355325,Detected by Isolation Forest pattern analysis
8250,Normal/Others,"WS/MP18324/2024-2025/151159-Construction of roads, link roads, pathways or any other road with or without drainage system",Gujarat,AMRELI(DISTRICT COLLECTOR AMRELI_IDA),BHARATBHAI MANUBHAI SUTARIYA,AMRELI,C.C. Road work from vitthalbhai Togadia's house to panchayat office in Sajantimba village,06-Nov-2024,2025-03-27,300000.0,Physical Inspection,WS/MP18324/2024-2025/151159,,,2026-02-20,300000.0,300000.0,1.0,2026-01-19,1,1.0,,530.0,0,0,1,0,0.23868057779318375,Detected by Isolation Forest pattern analysis
8295,Normal/Others,WS/MP18181/2025-2026/151263-Construction of bus-sheds or bus-stops,Tamil Nadu,COIMBATORE(DISTRICT COLLECTOR COIMBATORE_IDA),ESWARASAMY K,POLLACHI,Construction of Passenger Shelter near Madhurai Veeran Kovil at Reddiyarur H/o. S.Nallur Panchayat,07-Nov-2024,2026-01-22,551287.0,Physical Inspection,WS/MP18181/2025-2026/151263,,,2026-01-22,551287.0,551287.0,1.0,2026-01-22,1,1.0,,229.0,0,0,1,0,0.2166042383990765,Detected by Isolation Forest pattern analysis
8296,Normal/Others,WS/MP18181/2025-2026/151264-Construction of bus-sheds or bus-stops,Tamil Nadu,COIMBATORE(DISTRICT COLLECTOR COIMBATORE_IDA),ESWARASAMY K,POLLACHI,Construction of Passenger Shelter in Reddiyarmadam bus stop at Reddiyarur H/o. S.Nallur Panchayat,07-Nov-2024,2026-01-22,519180.0,Physical Inspection,WS/MP18181/2025-2026/151264,,,2026-01-22,519180.0,519180.0,1.0,2026-01-22,1,1.0,,229.0,0,0,1,0,0.2166042383990765,Detected by Isolation Forest pattern analysis
8297,Normal/Others,WS/MP18181/2026-2027/151265-Construction of water tanks,Tamil Nadu,COIMBATORE(DISTRICT COLLECTOR COIMBATORE_IDA),ESWARASAMY K,POLLACHI,Construction of 60000 litre OHT at Solapalayam H/o. Solapalayam panchayat,07-Nov-2024,2026-07-15,1229625.0,Physical Inspection,WS/MP18181/2026-2027/151265,,,2026-08-13,1229625.0,1229625.0,1.0,2026-07-21,1,1.0,,55.0,0,0,1,0,0.13057548124658502,Detected by Isolation Forest pattern analysis
8387,Normal/Others,WS/MP18227/2025-2026/151392-Lighting of public spaces,Uttar Pradesh,AZAMGARH(DISTRICT MAGISTRATE AZAMGARH_IDA),DAROGA PRASAD SAROJ,LALGANJ (SC),Gram banhar maychak gajadi me highmast light,08-Nov-2024,2025-09-12,333000.0,Vendor Identification,WS/MP18227/2025-2026/151392,,,,,306566.0,1.0,2026-03-22,0,0.9206186186186186,,361.0,0,1,1,0,0.20214720982178613,Detected by Isolation Forest pattern analysis
8388,Normal/Others,WS/MP18227/2025-2026/151393-Lighting of public spaces,Uttar Pradesh,AZAMGARH(DISTRICT MAGISTRATE AZAMGARH_IDA),DAROGA PRASAD SAROJ,LALGANJ (SC),Bhikhpur me highmast light kary,08-Nov-2024,2025-09-12,333000.0,Vendor Identification,WS/MP18227/2025-2026/151393,,,,,306566.0,1.0,2026-03-22,0,0.9206186186186186,,361.0,0,1,1,0,0.20214720982178613,Detected by Isolation Forest pattern analysis
8389,Normal/Others,WS/MP18227/2025-2026/151394-Lighting of public spaces,Uttar Pradesh,AZAMGARH(DISTRICT MAGISTRATE AZAMGARH_IDA),DAROGA PRASAD SAROJ,LALGANJ (SC),Gram newad me highmast light kary,08-Nov-2024,2025-09-12,333000.0,Work partially Completed,WS/MP18227/2025-2026/151394,,,,,306566.0,1.0,2026-03-22,0,0.9206186186186186,,361.0,0,1,1,0,0.20214720982178613,Detected by Isolation Forest pattern analysis
8390,Normal/Others,WS/MP18227/2025-2026/151395-Lighting of public spaces,Uttar Pradesh,AZAMGARH(DISTRICT MAGISTRATE AZAMGARH_IDA),DAROGA PRASAD SAROJ,LALGANJ (SC),Gram ban rahiya fattepur me highmast light,08-Nov-2024,2025-09-12,333000.0,Work partially Completed,WS/MP18227/2025-2026/151395,,,,,306566.0,1.0,2026-03-22,0,0.9206186186186186,,361.0,0,1,1,0,0.20214720982178613,Detected by Isolation Forest pattern analysis
8391,Normal/Others,WS/MP18227/2025-2026/151396-Lighting of public spaces,Uttar Pradesh,AZAMGARH(DISTRICT MAGISTRATE AZAMGARH_IDA),DAROGA PRASAD SAROJ,LALGANJ (SC),Durvas dham par highmast light,08-Nov-2024,2025-09-12,333000.0,Work partially Completed,WS/MP18227/2025-2026/151396,,,,,306566.0,1.0,2026-03-22,0,0.9206186186186186,,361.0,0,1,1,0,0.20214720982178613,Detected by Isolation Forest pattern analysis
8392,Normal/Others,WS/MP18227/2025-2026/151397-Lighting of public spaces,Uttar Pradesh,AZAMGARH(DISTRICT MAGISTRATE AZAMGARH_IDA),DAROGA PRASAD SAROJ,LALGANJ (SC),avak me chakidi tirah par highmast light,08-Nov-2024,2025-09-12,333000.0,Work partially Completed,WS/MP18227/2025-2026/151397,,,,,306566.0,1.0,2026-03-22,0,0.9206186186186186,,361.0,0,1,1,0,0.20214720982178613,Detected by Isolation Forest pattern analysis
8393,Normal/Others,WS/MP18227/2025-2026/151398-Lighting of public spaces,Uttar Pradesh,AZAMGARH(DISTRICT MAGISTRATE AZAMGARH_IDA),DAROGA PRASAD SAROJ,LALGANJ (SC),gram shabha ibrahimpur me high mast light,08-Nov-2024,2025-09-12,333000.0,Work partially Completed,WS/MP18227/2025-2026/151398,,,,,306566.0,1.0,2026-03-22,0,0.9206186186186186,,361.0,0,1,1,0,0.20214720982178613,Detected by Isolation Forest pattern analysis
8394,Normal/Others,WS/MP18227/2025-2026/151399-Lighting of public spaces,Uttar Pradesh,AZAMGARH(DISTRICT MAGISTRATE AZAMGARH_IDA),DAROGA PRASAD SAROJ,LALGANJ (SC),Gram chaun me highmast light,08-Nov-2024,2025-09-12,333000.0,Work partially Completed,WS/MP18227/2025-2026/151399,,,,,306566.0,1.0,2026-03-22,0,0.9206186186186186,,361.0,0,1,1,0,0.20214720982178613,Detected by Isolation Forest pattern analysis
8395,Normal/Others,WS/MP18227/2025-2026/151400-Lighting of public spaces,Uttar Pradesh,AZAMGARH(DISTRICT MAGISTRATE AZAMGARH_IDA),DAROGA PRASAD SAROJ,LALGANJ (SC),Gram jalapur jagnandan patti me highmast light,08-Nov-2024,2025-09-12,333000.0,Work partially Completed,WS/MP18227/2025-2026/151400,,,,,306566.0,1.0,2026-03-22,0,0.9206186186186186,,361.0,0,1,1,0,0.20214720982178613,Detected by Isolation Forest pattern analysis
8396,Normal/Others,WS/MP18227/2025-2026/151402-Lighting of public spaces,Uttar Pradesh,AZAMGARH(DISTRICT MAGISTRATE AZAMGARH_IDA),DAROGA PRASAD SAROJ,LALGANJ (SC),Gram hansa pur me highmast light,08-Nov-2024,2025-09-12,333000.0,Work partially Completed,WS/MP18227/2025-2026/151402,,,,,306566.0,1.0,2026-03-22,0,0.9206186186186186,,361.0,0,1,1,0,0.20214720982178613,Detected by Isolation Forest pattern analysis
8397,Normal/Others,WS/MP18227/2025-2026/151404-Lighting of public spaces,Uttar Pradesh,AZAMGARH(DISTRICT MAGISTRATE AZAMGARH_IDA),DAROGA PRASAD SAROJ,LALGANJ (SC),Gram barawa me highmast light,08-Nov-2024,2025-09-12,333000.0,Work partially Completed,WS/MP18227/2025-2026/151404,,,,,306566.0,1.0,2026-03-22,0,0.9206186186186186,,361.0,0,1,1,0,0.20214720982178613,Detected by Isolation Forest pattern analysis
8398,Normal/Others,WS/MP18227/2025-2026/151406-Lighting of public spaces,Uttar Pradesh,AZAMGARH(DISTRICT MAGISTRATE AZAMGARH_IDA),DAROGA PRASAD SAROJ,LALGANJ (SC),Gram kushaha me highmast light,08-Nov-2024,2025-09-12,333000.0,Work partially Completed,WS/MP18227/2025-2026/151406,,,,,306566.0,1.0,2026-03-22,0,0.9206186186186186,,361.0,0,1,1,0,0.20214720982178613,Detected by Isolation Forest pattern analysis
8399,Normal/Others,WS/MP18227/2025-2026/151408-Lighting of public spaces,Uttar Pradesh,AZAMGARH(DISTRICT MAGISTRATE AZAMGARH_IDA),DAROGA PRASAD SAROJ,LALGANJ (SC),Gram kharaila me highmast light kary,08-Nov-2024,2025-09-12,333000.0,Work partially Completed,WS/MP18227/2025-2026/151408,,,,,306566.0,1.0,2026-03-22,0,0.9206186186186186,,361.0,0,1,1,0,0.20214720982178613,Detected by Isolation Forest pattern analysis
8400,Normal/Others,WS/MP18227/2025-2026/151414-Lighting of public spaces,Uttar Pradesh,AZAMGARH(DISTRICT MAGISTRATE AZAMGARH_IDA),DAROGA PRASAD SAROJ,LALGANJ (SC),Gram lahuwa kalan me highmast light,08-Nov-2024,2025-09-12,333000.0,Work partially Completed,WS/MP18227/2025-2026/151414,,,,,306566.0,1.0,2026-03-22,0,0.9206186186186186,,361.0,0,1,1,0,0.20214720982178613,Detected by Isolation Forest pattern analysis
8402,Normal/Others,WS/MP18227/2025-2026/151420-Lighting of public spaces,Uttar Pradesh,AZAMGARH(DISTRICT MAGISTRATE AZAMGARH_IDA),DAROGA PRASAD SAROJ,LALGANJ (SC),Gram nanhu sakh  highmast light kary,08-Nov-2024,2025-09-12,333000.0,Work partially Completed,WS/MP18227/2025-2026/151420,,,,,306566.0,1.0,2026-03-22,0,0.9206186186186186,,361.0,0,1,1,0,0.20214720982178613,Detected by Isolation Forest pattern analysis
8403,Normal/Others,WS/MP18227/2025-2026/151422-Lighting of public spaces,Uttar Pradesh,AZAMGARH(DISTRICT MAGISTRATE AZAMGARH_IDA),DAROGA PRASAD SAROJ,LALGANJ (SC),Gram pakari me highmast light,08-Nov-2024,2025-09-12,333000.0,Work partially Completed,WS/MP18227/2025-2026/151422,,,,,306566.0,1.0,2026-03-22,0,0.9206186186186186,,361.0,0,1,1,0,0.20214720982178613,Detected by Isolation Forest pattern analysis
8404,Normal/Others,WS/MP18227/2025-2026/151424-Lighting of public spaces,Uttar Pradesh,AZAMGARH(DISTRICT MAGISTRATE AZAMGARH_IDA),DAROGA PRASAD SAROJ,LALGANJ (SC),gram saripul me highmast light,08-Nov-2024,2025-09-12,333000.0,Work partially Completed,WS/MP18227/2025-2026/151424,,,,,306566.0,1.0,2026-03-22,0,0.9206186186186186,,361.0,0,1,1,0,0.20214720982178613,Detected by Isolation Forest pattern analysis
8405,Normal/Others,WS/MP18227/2025-2026/151425-Lighting of public spaces,Uttar Pradesh,AZAMGARH(DISTRICT MAGISTRATE AZAMGARH_IDA),DAROGA PRASAD SAROJ,LALGANJ (SC),Gram gobraha me highmast light,08-Nov-2024,2025-09-12,333000.0,Work partially Completed,WS/MP18227/2025-2026/151425,,,,,306566.0,1.0,2026-03-22,0,0.9206186186186186,,361.0,0,1,1,0,0.20214720982178613,Detected by Isolation Forest pattern analysis
8429,Normal/Others,WS/MP719/2025-2026/151460-Construction of community centers and community halls,Rajasthan,AJMER(DISTRICT COLLECTOR AJMER_IDA),Bhagirath Chaudhary,AJMER,"Construction of community Halls at ward no. 55, ajmer south assembly constituency.",08-Nov-2024,2025-08-22,5100000.0,Vendor Identification,WS/MP719/2025-2026/151460,,,,,2016972.0,1.0,2026-05-21,0,0.3954847058823529,,382.0,0,1,1,0,0.1393027455805656,Detected by Isolation Forest pattern analysis
8439,Normal/Others,"WS/MP18324/2024-2025/151485-Construction of roads, link roads, pathways or any other road with or without drainage system",Gujarat,AMRELI(DISTRICT COLLECTOR AMRELI_IDA),BHARATBHAI MANUBHAI SUTARIYA,AMRELI,Block paving road work in Anida village,08-Nov-2024,2025-01-18,300000.0,Physical Inspection,WS/MP18324/2024-2025/151485,,,2026-08-24,300000.0,300000.0,1.0,2026-06-23,1,1.0,,598.0,0,0,1,0,0.22798117565726972,Detected by Isolation Forest pattern analysis
8444,Normal/Others,"WS/MP18324/2025-2026/151490-Construction of roads, link roads, pathways or any other road with or without drainage system",Gujarat,AMRELI(DISTRICT COLLECTOR AMRELI_IDA),BHARATBHAI MANUBHAI SUTARIYA,AMRELI,Work on block paving road in Nava Vaghaniya village,08-Nov-2024,2025-07-18,297100.0,Physical Inspection,WS/MP18324/2025-2026/151490,,,2026-05-01,297100.0,297100.0,1.0,2026-03-11,1,1.0,,417.0,0,0,1,0,0.2250423132891063,Detected by Isolation Forest pattern analysis
8445,Normal/Others,"WS/MP18324/2025-2026/151491-Construction of roads, link roads, pathways or any other road with or without drainage system",Gujarat,AMRELI(DISTRICT COLLECTOR AMRELI_IDA),BHARATBHAI MANUBHAI SUTARIYA,AMRELI,Work on block paving road in Juna Vaghaniya village,08-Nov-2024,2025-05-20,300000.0,Physical Inspection,WS/MP18324/2025-2026/151491,,,2026-09-02,298670.0,298670.0,1.0,2026-08-12,1,0.9955666666666668,,476.0,0,0,1,0,0.23136961595431155,Detected by Isolation Forest pattern analysis
8468,Normal/Others,WS/MP755/2024-2025/151521-Construction of buildings for crèches and anganwadies,Tamil Nadu,Kancheepuram(DISTRICT COLLECTOR KANCHEEPURAM_IDA),Thalikkottai Rajuthevar Baalu,SRIPERUMBUDUR,Construction of an Anganwadi Building.,09-Nov-2024,2025-03-27,1548605.0,Physical Inspection,WS/MP755/2024-2025/151521,,,2026-02-24,1548605.0,1548605.0,1.0,2026-02-24,1,1.0,,530.0,0,0,1,0,0.23868057779318375,Detected by Isolation Forest pattern analysis
8478,Normal/Others,WS/MP598/2025-2026/151540-Construction of foot over bridge (FOB),Himachal Pradesh,SIRMAUR(DEPUTY COMMISSIONER SIRMOUR_IDA),Suresh Kumar Kashyap,SHIMLA (SC),C/o Foot Bridge on Bahet Khala GP Jaman Ki Ser Executive Agency BDO Pachhad,09-Nov-2024,2025-06-04,200000.0,Work partially Completed,WS/MP598/2025-2026/151540,,,,,50000.0,1.0,2026-01-17,0,0.25,,461.0,0,1,1,0,0.13237485114979275,Detected by Isolation Forest pattern analysis
8479,Normal/Others,WS/MP598/2025-2026/151541-Construction of community centers and community halls,Himachal Pradesh,SIRMAUR(DEPUTY COMMISSIONER SIRMOUR_IDA),Suresh Kumar Kashyap,SHIMLA (SC),Laying Flooring Tiles Community Hall Bharmur GP Jaman Ki Ser Executive Agency BDO Pachhad,09-Nov-2024,2025-07-22,50000.0,Work partially Completed,WS/MP598/2025-2026/151541,,,,,10000.0,1.0,2026-01-17,0,0.2,,413.0,0,1,1,0,0.11865547752961647,Detected by Isolation Forest pattern analysis
8483,Repair and Renovation,"WS/MP598/2025-2026/151547-Construction of roads, link roads, pathways or any other road with or without drainage system",Himachal Pradesh,SIRMAUR(DEPUTY COMMISSIONER SIRMOUR_IDA),Suresh Kumar Kashyap,SHIMLA (SC),Repair of Link Road Village thel Shathar GP Chandol Executive Agency BDO Rajgarh,09-Nov-2024,2025-09-27,200000.0,Work partially Completed,WS/MP598/2025-2026/151547,,,,,200000.0,1.0,2026-01-30,0,1.0,,346.0,0,1,1,0,0.21855576131975063,Detected by Isolation Forest pattern analysis
8486,Normal/Others,WS/MP598/2024-2025/151550-Construction of footpaths and pedestrian ways,Himachal Pradesh,SIRMAUR(DEPUTY COMMISSIONER SIRMOUR_IDA),Suresh Kumar Kashyap,SHIMLA (SC),C/o Pucca path alongwith R/Wall Near H/o Smt. Madhu Ward No. 02 Nahan Executive Agency DRDA Nahan,09-Nov-2024,2024-12-13,300000.0,Physical Inspection,WS/MP598/2024-2025/151550,,,,,300000.0,1.0,2026-01-03,0,1.0,,634.0,0,1,1,0,0.2133990944694404,Detected by Isolation Forest pattern analysis
8488,Normal/Others,"WS/MP598/2024-2025/151552-Construction of roads, link roads, pathways or any other road with or without drainage system",Himachal Pradesh,SIRMAUR(DEPUTY COMMISSIONER SIRMOUR_IDA),Suresh Kumar Kashyap,SHIMLA (SC),C/o PCC Ambulance Road Village Dimber Near H/o Pramod Kumar and etc. GP Sirmouri Mandir executive agency BDO Pachhad,09-Nov-2024,2025-01-20,100000.0,Work partially Completed,WS/MP598/2024-2025/151552,,,,,60000.0,1.0,2026-01-17,0,0.6,,596.0,0,1,1,0,0.1597807935468875,Detected by Isolation Forest pattern analysis
8494,Normal/Others,WS/MP524/2024-2025/151573-Providing supply pipelines for drinking water,Andhra Pradesh,Annamayya(DISTRICT COLLECTOR ANNAMAYYA_IDA),Midhun Reddy,RAJAMPET,"Providing Pipeline in Otacheruvu (V), Thimmasamudram (G.P)",14-Nov-2024,2024-12-21,500000.0,Physical Inspection,WS/MP524/2024-2025/151573,,,,,495008.0,1.0,2026-07-28,0,0.990016,,626.0,0,1,1,0,0.19947054894372734,Detected by Isolation Forest pattern analysis
8525,Normal/Others,"WS/MP640/2026-2027/151609-Construction of roads, link roads, pathways or any other road with or without drainage system",Madhya Pradesh,SEONI(District Collector Seoni_IDA),Faggan Singh Kulaste,MANDLA(ST),"Construction of G.S.V. Road gram payli, gram panchayat jogigufa, janpad panchayat lakhanadaun",09-Nov-2024,2026-05-15,1000000.0,Work Completed,WS/MP640/2026-2027/151609,,,2026-05-15,999976.0,999976.0,6.0,2026-05-15,1,0.999976,,116.0,0,0,-1,1,-0.025194053444324793,Unusually high number of payments
8526,Normal/Others,"WS/MP640/2026-2027/151610-Construction of roads, link roads, pathways or any other road with or without drainage system",Madhya Pradesh,SEONI(District Collector Seoni_IDA),Faggan Singh Kulaste,MANDLA(ST),Construction of G.S.V. Road gram aklama se bajar wada ki ore bhag-2,09-Nov-2024,2026-05-21,1000000.0,Work partially Completed,WS/MP640/2026-2027/151610,,,,,999976.0,6.0,2026-05-21,0,0.999976,,110.0,0,1,-1,1,-0.027904698453253607,Unusually high number of payments
8527,Normal/Others,"WS/MP640/2026-2027/151611-Construction of roads, link roads, pathways or any other road with or without drainage system",Madhya Pradesh,SEONI(District Collector Seoni_IDA),Faggan Singh Kulaste,MANDLA(ST),Construction of G.S.V. Road gram evam gram panchayat binori,09-Nov-2024,2026-05-15,1000000.0,Work partially Completed,WS/MP640/2026-2027/151611,,,,,878612.0,4.0,2026-06-22,0,0.878612,,116.0,0,1,-1,1,-0.003397376863969459,Unusually high number of payments
8529,Normal/Others,"WS/MP640/2026-2027/151613-Construction of roads, link roads, pathways or any other road with or without drainage system",Madhya Pradesh,SEONI(District Collector Seoni_IDA),Faggan Singh Kulaste,MANDLA(ST),"Construction of graval road gram evam gram panchayat suwakheda, janpad panchayat Chhapara",09-Nov-2024,2026-05-20,1000000.0,Work partially Completed,WS/MP640/2026-2027/151613,,,,,950495.0,6.0,2026-05-21,0,0.950495,,111.0,0,1,-1,1,-0.04671889939052465,Unusually high number of payments
8564,Normal/Others,WS/MP429/2024-2025/151718-Installing hand pumps,Chhattisgarh,KORBA(Collector-Korba),Jyotsna Charandas Mahant,KORBA,"Bore khanan work in Kisan Mohalla , Gram - Dumarkachhar, Vikas khand - Pali.",10-Nov-2024,2024-12-06,100000.0,Physical Inspection,WS/MP429/2024-2025/151718,,,2026-02-23,99675.0,49675.0,1.0,2026-04-07,1,0.49675,,641.0,0,0,1,0,0.15760389000303393,Detected by Isolation Forest pattern analysis
8754,Normal/Others,WS/MP18263/2025-2026/151980-Construction of culverts and bridges,Karnataka,UDUPI(DEPUTY COMMISSIONER UDUPI_IDA),KOTA SRINIVAS POOJARY,UDUPI CHIKMAGALUR,"Udupi District, Karkala taluk, Kalya grama panchayath, kalya village, near patla place culverts & bridges construction",11-Nov-2024,2025-07-05,500000.0,Work Completed,WS/MP18263/2025-2026/151980,,,2026-05-02,486039.0,486039.0,1.0,2026-05-02,1,0.972078,,430.0,0,0,1,0,0.18281983068390817,Detected by Isolation Forest pattern analysis
8779,Normal/Others,WS/MP18265/2025-2026/152005-Construction of community centers and community halls,Tamil Nadu,CUDDALORE(DISTRICT COLLECTOR CUDDALORE_IDA),M.K. VISHNUPRASAD,CUDDALORE,construction of Multi purposes Building,11-Nov-2024,2025-06-24,1349643.0,Physical Inspection,WS/MP18265/2025-2026/152005,,,2026-03-04,1349643.0,1349643.0,1.0,2026-03-04,1,1.0,,441.0,0,0,1,0,0.22025745020682436,Detected by Isolation Forest pattern analysis
8782,Normal/Others,WS/MP18265/2025-2026/152008-Construction of community centers and community halls,Tamil Nadu,CUDDALORE(DISTRICT COLLECTOR CUDDALORE_IDA),M.K. VISHNUPRASAD,CUDDALORE,"Construction of Multi Purposes building  at kumlankullam panchayat, Naduvirapattu colony.",11-Nov-2024,2025-06-24,1346657.0,Physical Inspection,WS/MP18265/2025-2026/152008,,,2026-02-16,1346657.0,1346657.0,1.0,2026-02-16,1,1.0,,441.0,0,0,1,0,0.22025745020682436,Detected by Isolation Forest pattern analysis
8868,Normal/Others,WS/MP18049/2024-2025/152160-Construction of common work sheds/ common covered sitting area,Chhattisgarh,BILASPUR(DISTRICT COLLECTOR BILASPUR_IDA),TOKHAN SAHU,BILASPUR,"Sanskritik Manch Shala Prangan me Village Bachalikhurd, G.P. Bhainsajhar",13-Nov-2024,2024-12-30,200000.0,Vendor Identification,WS/MP18049/2024-2025/152160,,,,,100000.0,1.0,2026-03-20,0,0.5,,617.0,0,1,1,0,0.17091518337419948,Detected by Isolation Forest pattern analysis
8879,Normal/Others,WS/MP18049/2025-2026/152171-Construction of common work sheds/ common covered sitting area,Chhattisgarh,BILASPUR(DISTRICT COLLECTOR BILASPUR_IDA),TOKHAN SAHU,BILASPUR,P.G.B.T. College Bilaspur me Badmintan Court me Shed Nirman,13-Nov-2024,2025-05-08,799797.0,Physical Inspection,WS/MP18049/2025-2026/152171,,,2026-04-13,799797.0,799797.0,1.0,2026-04-13,1,1.0,,488.0,0,0,1,0,0.24501471599277697,Detected by Isolation Forest pattern analysis
8880,Normal/Others,WS/MP18049/2025-2026/152172-Construction of common work sheds/ common covered sitting area,Chhattisgarh,BILASPUR(DISTRICT COLLECTOR BILASPUR_IDA),TOKHAN SAHU,BILASPUR,Chhattisgarh H.S.School Bilaspur me Shed Nirman,13-Nov-2024,2025-05-26,1600000.0,Physical Inspection,WS/MP18049/2025-2026/152172,,,2026-08-11,1600000.0,1600000.0,1.0,2026-08-11,1,1.0,,470.0,0,0,1,0,0.23403738550499026,Detected by Isolation Forest pattern analysis
8882,Normal/Others,WS/MP18049/2025-2026/152174-Construction of common work sheds/ common covered sitting area,Chhattisgarh,BILASPUR(DISTRICT COLLECTOR BILASPUR_IDA),TOKHAN SAHU,BILASPUR,Baharmuda Sanskritik Bhawan Talab Ke Paas Kitchen Shed Nirman Tifra.,13-Nov-2024,2025-04-09,500000.0,Physical Inspection,WS/MP18049/2025-2026/152174,,,2026-07-14,500000.0,500000.0,1.0,2026-07-06,1,1.0,,517.0,0,0,1,0,0.24589886648606946,Detected by Isolation Forest pattern analysis
8904,Normal/Others,WS/MP18049/2024-2025/152243-Construction of buildings for community cultural activities,Chhattisgarh,MUNGELI(Collector Mungeli_IDA),TOKHAN SAHU,BILASPUR,Sanskritik Bhawan Nirman Kary Salpha,13-Nov-2024,2024-12-12,2500000.0,Vendor Identification,WS/MP18049/2024-2025/152243,,,,,2148258.0,2.0,2026-01-29,0,0.8593032,,635.0,0,1,1,0,0.10482675670570918,Detected by Isolation Forest pattern analysis
8971,Normal/Others,WS/MP18065/2026-2027/152353-Construction of veterinary hospitals and dispensaries,Haryana,ROHTAK(DEPUTY COMMISSIONER ROHTAK_IDA),DEEPENDER SINGH HOODA,ROHTAK,Const. of New Charitable Dispensary at Baba Balak Puri Charitable Trust Rohtak,14-Nov-2024,2026-06-19,2100000.0,Vendor Identification,WS/MP18065/2026-2027/152353,,,,,23600.0,1.0,2026-08-12,0,0.0112380952380952,,81.0,0,1,-1,1,-0.04845062970078984,Detected by Isolation Forest pattern analysis
8987,Normal/Others,WS/MP638/2024-2025/152372-Construction of buildings for community cultural activities,Madhya Pradesh,TIKAMGARH(DISTRICT COLLECTOR TIKAMGARH_IDA),Virendra Kumar,TIKAMGARH(SC),Saansad Utsav Dham,14-Nov-2024,2025-03-30,1200000.0,Vendor Identification,WS/MP638/2024-2025/152372,,,,,1158113.0,1.0,2026-04-22,0,0.9650941666666668,,527.0,0,1,1,0,0.20921823160104946,Detected by Isolation Forest pattern analysis
9011,Normal/Others,"WS/MP827/2024-2025/152397-Construction of roads, link roads, pathways or any other road with or without drainage system",West Bengal,PASCHIM BARDHAMAN(DISTRICT MAGISTRATE PASCHIM BARDHAMAN_IDA),Shatrughan Sinha,ASANSOL,Construction of New CC Road starting from Ushagram Kumarpara to Old Church to New Church,14-Nov-2024,2024-12-24,2200000.0,Work Completed,WS/MP827/2024-2025/152397,,,2026-02-09,1572875.0,1572875.0,1.0,2026-02-09,1,0.7149431818181818,,623.0,0,0,1,0,0.16010834161879134,Detected by Isolation Forest pattern analysis
9034,Normal/Others,WS/MP638/2024-2025/152420-Construction of buildings for community cultural activities,Madhya Pradesh,TIKAMGARH(DISTRICT COLLECTOR TIKAMGARH_IDA),Virendra Kumar,TIKAMGARH(SC),Saansad Utsav Dham,14-Nov-2024,2025-03-30,1200000.0,Vendor Identification,WS/MP638/2024-2025/152420,,,,,600000.0,1.0,2026-08-18,0,0.5,,527.0,0,1,1,0,0.1691377258122982,Detected by Isolation Forest pattern analysis
9054,Normal/Others,WS/MP638/2024-2025/152443-Construction of buildings for community cultural activities,Madhya Pradesh,Niwari(District Collector Niwari_IDA),Virendra Kumar,TIKAMGARH(SC),Saansad Utsav Dham,14-Nov-2024,2025-03-29,1200000.0,Vendor Identification,WS/MP638/2024-2025/152443,,,,,1176053.0,1.0,2026-08-25,0,0.9800441666666668,,528.0,0,1,1,0,0.21705970710554406,Detected by Isolation Forest pattern analysis
9055,Normal/Others,WS/MP638/2024-2025/152444-Construction of buildings for community cultural activities,Madhya Pradesh,Niwari(District Collector Niwari_IDA),Virendra Kumar,TIKAMGARH(SC),Saansad Utsav Dham - Madori Road Par,14-Nov-2024,2025-03-29,1200000.0,Vendor Identification,WS/MP638/2024-2025/152444,,,,,1176251.0,1.0,2026-08-25,0,0.9802091666666668,,528.0,0,1,1,0,0.21732321968097595,Detected by Isolation Forest pattern analysis
9061,Normal/Others,WS/MP638/2024-2025/152450-Construction of buildings for community cultural activities,Madhya Pradesh,Niwari(District Collector Niwari_IDA),Virendra Kumar,TIKAMGARH(SC),Saansad Utsav Dham,14-Nov-2024,2025-03-29,1200000.0,Vendor Identification,WS/MP638/2024-2025/152450,,,,,1176270.0,1.0,2026-08-25,0,0.980225,,528.0,0,1,1,0,0.21732321968097595,Detected by Isolation Forest pattern analysis
9094,Normal/Others,WS/MP526/2026-2027/152486-Providing drains and gutters for public drainage,Andhra Pradesh,Y.S.R. Kadapa(DISTRICT COLLECTOR CUDDAPAH_IDA),Y S Avinash Reddy,KADAPA,Providing CC Drain Segment I & II in Jangamreddipalli (H) of Rampatadu (GP) of Pendlimarri (M),14-Nov-2024,2026-04-07,500000.0,Physical Inspection,WS/MP526/2026-2027/152486,,,2026-04-12,489613.0,489613.0,1.0,2026-04-13,1,0.979226,,154.0,0,0,1,0,0.1549798825276949,Detected by Isolation Forest pattern analysis
9095,Normal/Others,WS/MP526/2026-2027/152487-Providing drains and gutters for public drainage,Andhra Pradesh,Y.S.R. Kadapa(DISTRICT COLLECTOR CUDDAPAH_IDA),Y S Avinash Reddy,KADAPA,Providing CC Drain Segment III & V  in Jangamreddipalli (H) of Rampatadu (GP) of Pendlimarri (M),14-Nov-2024,2026-04-07,500000.0,Physical Inspection,WS/MP526/2026-2027/152487,,,2026-04-12,485433.0,485433.0,1.0,2026-04-13,1,0.970866,,154.0,0,0,1,0,0.13896230741571775,Detected by Isolation Forest pattern analysis
9110,Normal/Others,WS/MP18321/2025-2026/152523-Providing CCTV camera system for security of public areas,Gujarat,SABAR KANTHA(DISTRICT COLLECTOR SABARKANTHA_IDA),SHOBHANABEN MAHENDRASINH BARAIYA,SABARKANTHA,CCTV Camera work with DVR in Main Bazar from National Highway No. 8 to Railway Station at Salal Village.,14-Nov-2024,2025-04-24,500000.0,Physical Inspection,WS/MP18321/2025-2026/152523,,,2026-03-13,500000.0,500000.0,1.0,2026-03-13,1,1.0,,502.0,0,0,1,0,0.2499275496842311,Detected by Isolation Forest pattern analysis
9136,Normal/Others,WS/MP18321/2024-2025/152559-Construction of community centers and community halls,Gujarat,ARVALLI(DISTRICT COLLECTOR ARVALLI_IDA),SHOBHANABEN MAHENDRASINH BARAIYA,SABARKANTHA,Construction of hall near Vishwakarma temple at Undwa village of Megharaj taluka,14-Nov-2024,2025-02-03,500000.0,Physical Inspection,WS/MP18321/2024-2025/152559,,,,,500000.0,1.0,2026-08-25,0,1.0,,582.0,0,1,1,0,0.22886129780636605,Detected by Isolation Forest pattern analysis
9144,Normal/Others,WS/MP638/2025-2026/152569-Construction of buildings for community cultural activities,Madhya Pradesh,CHHATARPUR(District Collector Chhatarpur_IDA),Virendra Kumar,TIKAMGARH(SC),Pavelian Ke Bagal Me Kaksh Nirman,14-Nov-2024,2026-01-08,800000.0,Vendor Identification,WS/MP638/2025-2026/152569,,,,,480000.0,1.0,2026-01-21,0,0.6,,243.0,0,1,1,0,0.11183204822214327,Detected by Isolation Forest pattern analysis
9171,Normal/Others,WS/MP18104/2026-2027/152597-Installation of multi-gym equipment,Madhya Pradesh,NARMADAPURAM(DISTRICT COLLECTOR NARMADAPURAM_IDA),DARSHAN SINGH CHOUDHARY,HOSHANGABAD,youth need gym equipment for healthy life contact person pawan goel 9993659321,19-Dec-2024,2026-04-16,100000.0,Vendor Identification,WS/MP18104/2026-2027/152597,,,,,100000.0,1.0,2026-08-06,0,1.0,,145.0,0,1,1,0,0.18589369270886863,Detected by Isolation Forest pattern analysis
9325,Normal/Others,WS/MP18313/2024-2025/152806-Construction of community centers and community halls,Rajasthan,BANSWARA(DISTRICT COLLECTOR BANSWARA_IDA),RAJ KUMAR ROAT,BANSWARA(ST),banswara ward no 1 piplod mein samudayik bhavan nimran kary,16-Nov-2024,2025-01-13,1000000.0,Work partially Completed,WS/MP18313/2024-2025/152806,,,,,964555.0,2.0,2026-05-20,0,0.964555,,603.0,0,1,1,0,0.11175491002891891,Detected by Isolation Forest pattern analysis
9330,Normal/Others,WS/MP18238/2025-2026/152813-Construction of rooms and halls in school and colleges,Uttar Pradesh,DEORIA(DISTRICT MAGISTRATE DEORIA),RAMASHANKAR RAJBHAR,SALEMPUR,"Construction of a room in (Manager/Principal)Mahatma Buddh Prathmik Vidyalaya, Musaila Khurd, Salempur",18-Nov-2024,2025-04-30,1000000.0,Work Completed,WS/MP18238/2025-2026/152813,,,2025-10-15,1000000.0,150000.0,1.0,2026-03-11,1,0.15,,496.0,0,0,1,0,0.11271980564419104,Detected by Isolation Forest pattern analysis
9343,Normal/Others,WS/MP755/2026-2027/152826-Crematoriums/energy efficient crematoriums or structures on burial/cremation ground,Tamil Nadu,CHENNAI(COMMISSIONER MUNCIPAL CORPORATION CHENNAI_IDA),Thalikkottai Rajuthevar Baalu,SRIPERUMBUDUR,Construction of Kaariya Mandapam.,16-Nov-2024,2026-06-22,2500000.0,Physical Inspection,WS/MP755/2026-2027/152826,,,,,1737977.0,1.0,2026-06-23,0,0.6951908,,78.0,0,1,1,0,0.04386678188765103,Detected by Isolation Forest pattern analysis
9470,Normal/Others,WS/MP823/2025-2026/152969-Construction of culverts and bridges,West Bengal,NADIA(DISTRICT MAGISTRATE NADIA_IDA),Ms Mahua Moitra,KRISHNANAGAR,Construction of Culvert connect of Gobindapur sansad to Tarakganj sansad at the river of voirab  at Dighalkandi GP Under Karimpur-II Block.(PHASE-I),18-Nov-2024,2025-04-03,4924873.0,Physical Inspection,WS/MP823/2025-2026/152969,,,2026-09-02,4924873.0,4924873.0,2.0,2026-07-24,1,1.0,,523.0,0,0,1,0,0.1269757235567332,Detected by Isolation Forest pattern analysis
9523,Normal/Others,WS/MP722/2024-2025/153047-Construction of toilet blocks,Rajasthan,BARAN(DISTRICT COLLECTOR BARAN_IDA),Dushyant Singh,JHALAWAR-BARAN,"Swami Vivekand Vidhya Niketan, Madhyamik Vidhyalay at Baran, Class room with Varanda and Tolite constrection work (Work Agancy PWD Baran)",18-Nov-2024,2025-01-01,2500000.0,Work partially Completed,WS/MP722/2024-2025/153047,,,,,1736875.0,2.0,2026-03-26,0,0.69475,,615.0,0,1,1,0,0.10110969914759349,Detected by Isolation Forest pattern analysis
9609,Normal/Others,"WS/MP18104/2025-2026/153165-Purchase of prosthetics, wheel chairs, tricycles (manual or motorized), elect scooties, hearing aids",Madhya Pradesh,Narsimhapur(DISTRICT COLLECTOR NARSINGHPUR_IDA),DARSHAN SINGH CHOUDHARY,HOSHANGABAD,"beneficiary name satendra rajput, disability is more then 60%, contacat no 7440998486",19-Dec-2024,2025-06-30,115000.0,Vendor Identification,WS/MP18104/2025-2026/153165,,,,,115000.0,1.0,2025-11-10,0,1.0,,435.0,0,1,1,0,0.21959775315726077,Detected by Isolation Forest pattern analysis
9627,Normal/Others,WS/MP541/2025-2026/153187-Construction of community centers and community halls,Assam,MARIGAON(District Development Commissioner Morigaon),Pradyut Bordoloi,NOWGONG,"Construction of community hall at Gaurakh Nath Sanskriti Prakalpa, Machkhowa, Jaluguti",19-Nov-2024,2025-04-03,1000000.0,Work partially Completed,WS/MP541/2025-2026/153187,,,,,49676.0,1.0,2026-06-22,0,0.049676,,523.0,0,1,1,0,0.09003295048629834,Detected by Isolation Forest pattern analysis
9667,Normal/Others,WS/MP18336/2025-2026/153252-Construction of rooms and halls in school and colleges,Chhattisgarh,RAIPUR(DISTRICT COLLECTOR RAIPUR_IDA),BRIJMOHAN AGRAWAL,RAIPUR,SHED NIRMAN- SHASHKIYA PURVA MADHYAMIK SHAALA KANHERA BLOCK DHARSIWA DIST RAIPUR,25-Nov-2024,2026-02-03,500000.0,Vendor Identification,WS/MP18336/2025-2026/153252,,,,,250000.0,1.0,2026-02-16,0,0.5,,217.0,0,1,1,0,0.10671225773988319,Detected by Isolation Forest pattern analysis
9799,Normal/Others,WS/MP727/2024-2025/153496-Construction of community centers and community halls,Rajasthan,BUNDI(DISTRICT COLLECTOR BUNDI_IDA),Om Birla,KOTA,"Gram Banthali Mai Sarvjanik Samudayik Bhawan Nirman ka karya Place - Banthali , gram panchayat-Talwas, Block -Nainwa, Recommended amount-  10.00 lakh rs., Implementing agency - Gram panchayat Talwas (13 dated 12.11.2024)",20-Nov-2024,2025-03-11,1000000.0,Work Completed,WS/MP727/2024-2025/153496,,,2026-05-08,990833.0,990833.0,1.0,2026-05-08,1,0.990833,,546.0,0,0,1,0,0.21058471851887495,Detected by Isolation Forest pattern analysis
9833,Normal/Others,"WS/MP18249/2025-2026/153601-Construction of rooms and facilities for hospitals, FWC , PHC Centers and ANM centers",West Bengal,North 24 Parganas(DISTRICT MAGISTRATE NORTH TWENTY FOUR PARGANAS_IDA),PARTHA BHOWMICK,BARRACKPUR,Development of Naihati State General Hospital.,21-Nov-2024,2025-08-18,20000000.0,Vendor Identification,WS/MP18249/2025-2026/153601,,,,,8601839.0,1.0,2026-02-23,0,0.43009195,,386.0,0,1,1,0,0.14147315328927484,Detected by Isolation Forest pattern analysis
9841,Normal/Others,WS/MP18311/2024-2025/153620-Construction of community centers and community halls,Punjab,RUPNAGAR(DEPUTY COMMISSIONER ROOPNAGAR_IDA),MALVINDER SINGH KANG,ANANDPUR SAHIB,Construction of community center at village Rauli,10-Dec-2024,2025-01-17,700000.0,Vendor Identification,WS/MP18311/2024-2025/153620,,,,,463000.0,4.0,2026-06-27,0,0.6614285714285715,,599.0,0,1,1,0,0.04046556094304554,Unusually high number of payments
9842,Normal/Others,WS/MP18311/2024-2025/153634-Construction of community centers and community halls,Punjab,RUPNAGAR(DEPUTY COMMISSIONER ROOPNAGAR_IDA),MALVINDER SINGH KANG,ANANDPUR SAHIB,Construction of community center at village Sanana,10-Dec-2024,2025-01-13,700000.0,Vendor Identification,WS/MP18311/2024-2025/153634,,,,,141719.0,3.0,2026-07-09,0,0.2024557142857143,,603.0,0,1,1,0,0.06567985097712226,Detected by Isolation Forest pattern analysis
9847,Normal/Others,"WS/MP541/2025-2026/153673-Purchase of IT systems, including hardware and software for educational purposes",Assam,MARIGAON(District Development Commissioner Morigaon),Pradyut Bordoloi,NOWGONG,"Construction of Digital Knowledge Centre for Konpai Bordoloi College, Borsila, Morigaon",21-Nov-2024,2025-07-29,1000000.0,Vendor Identification,WS/MP541/2025-2026/153673,,,,,159740.0,1.0,2026-01-29,0,0.15974,,406.0,0,1,1,0,0.10942701093683038,Detected by Isolation Forest pattern analysis
9873,Normal/Others,WS/MP18324/2024-2025/153722-Construction of bus-sheds or bus-stops,Gujarat,AMRELI(DISTRICT COLLECTOR AMRELI_IDA),BHARATBHAI MANUBHAI SUTARIYA,AMRELI,Model pickup bus stand in Anida village,21-Nov-2024,2025-01-18,494000.0,Physical Inspection,WS/MP18324/2024-2025/153722,,,2026-08-24,494000.0,494000.0,1.0,2026-08-05,1,1.0,,598.0,0,0,1,0,0.22798117565726972,Detected by Isolation Forest pattern analysis
9879,Normal/Others,WS/MP18311/2024-2025/153729-Crematoriums/energy efficient crematoriums or structures on burial/cremation ground,Punjab,Shahid Bhagat Singh Nagar(Deputy Commissioner Shahid Bhagat Singh Nagar_ida),MALVINDER SINGH KANG,ANANDPUR SAHIB,SC Shamshan ghaat at village Nangal Jattan,30-Dec-2024,2025-01-28,300000.0,Physical Inspection,WS/MP18311/2024-2025/153729,,,2026-01-27,300000.0,59000.0,7.0,2026-01-05,1,0.1966666666666666,,588.0,0,0,-1,1,-0.0022260390360610005,Unusually high number of payments
9885,Normal/Others,"WS/MP541/2025-2026/153744-Construction of roads, link roads, pathways or any other road with or without drainage system",Assam,NAGAON(DEPUTY COMMISSIONER NOWGONG_IDA),Pradyut Bordoloi,NOWGONG,"Construction of road with pavers block from Pub Koladuba cc road to Sutirpar GP Border, Juria",21-Nov-2024,2026-02-03,500000.0,Work partially Completed,WS/MP541/2025-2026/153744,,,,,374491.0,3.0,2026-05-20,0,0.748982,,217.0,0,1,1,0,0.01816850775180001,Detected by Isolation Forest pattern analysis
9889,Normal/Others,WS/MP18324/2024-2025/153761-Construction of community centers and community halls,Gujarat,AMRELI(DISTRICT COLLECTOR AMRELI_IDA),BHARATBHAI MANUBHAI SUTARIYA,AMRELI,Work of community hall near the place of Pu. Boghabapu in Patla village,21-Nov-2024,2025-03-15,993012.0,Physical Inspection,WS/MP18324/2024-2025/153761,,,,,855959.0,1.0,2026-04-09,0,0.8619825339472232,,542.0,0,1,1,0,0.18295666083447004,Detected by Isolation Forest pattern analysis
9901,Normal/Others,WS/MP18248/2024-2025/153846-Providing drains and gutters for public drainage,West Bengal,PURBA BARDHAMAN(DISTRICT MAGISTRATE PURBA BARDHAMAN_IDA),DR. SHARMILA SARKAR,BARDHAMAN PURBA(SC),"Drain at Agradwip PHC Health and Wellness Clinic, Agradwip Station Bazar",22-Nov-2024,2025-02-25,700000.0,Work Completed,WS/MP18248/2024-2025/153846,,,2026-03-25,637871.0,637871.0,1.0,2026-08-03,1,0.9112442857142856,,560.0,0,0,1,0,0.18544869438280204,Detected by Isolation Forest pattern analysis
9907,Normal/Others,WS/MP18062/2025-2026/153853-Providing supply pipelines for drinking water,Haryana,HISAR(DEPUTY COMMISSIONER HISSAR_IDA),JAI PARKASH,HISAR,Laying of pipe line for drinking water from Lakshay Public School to Shroop Singh House on Dhansu Talwandi Rana Road,22-Nov-2024,2025-05-26,205000.0,Vendor Identification,WS/MP18062/2025-2026/153853,,,,,165980.0,1.0,2026-01-02,0,0.8096585365853659,,470.0,0,1,1,0,0.16510448130709715,Detected by Isolation Forest pattern analysis
9909,Normal/Others,WS/MP18062/2024-2025/153855-Construction of community centers and community halls,Haryana,HISAR(DEPUTY COMMISSIONER HISSAR_IDA),JAI PARKASH,HISAR,Construction of Hall in Bawari Chopal (SC),22-Nov-2024,2025-01-30,599953.0,Vendor Identification,WS/MP18062/2024-2025/153855,,,,,453024.0,2.0,2026-07-28,0,0.7550991494333723,,586.0,0,1,1,0,0.10383136234207202,Detected by Isolation Forest pattern analysis
9929,Normal/Others,WS/MP18311/2024-2025/153875-Construction of rooms and halls in school and colleges,Punjab,Shahid Bhagat Singh Nagar(Deputy Commissioner Shahid Bhagat Singh Nagar_ida),MALVINDER SINGH KANG,ANANDPUR SAHIB,Construction of room at govt high school palli jhikki,30-Dec-2024,2025-01-16,500000.0,Work partially Completed,WS/MP18311/2024-2025/153875,,,,,8243.0,1.0,2026-02-02,0,0.016486,,600.0,0,1,1,0,0.09087200860821476,Detected by Isolation Forest pattern analysis
9948,Normal/Others,WS/MP761/2026-2027/153904-Construction of additional rooms and halls in the existing public and community building,Telangana,Jagitial(DISTRICT COLLECTOR JAGTIAL_IDA),Arvind Dharmapuri,NIZAMABAD,Construction of Additional classroom in Sri Saraswathi shishu mandir,22-Nov-2024,2026-04-20,495000.0,Work Completed,WS/MP761/2026-2027/153904,,,2026-04-22,436565.0,436565.0,1.0,2026-04-22,1,0.8819494949494949,,141.0,0,0,1,0,0.11208717701103887,Detected by Isolation Forest pattern analysis
9949,Normal/Others,"WS/MP453/2025-2026/153905-Construction of roads, link roads, pathways or any other road with or without drainage system",Odisha,RAYAGADA(DISTRICT COLLECTOR RAYAGADA_IDA),Saptagiri Sankar Ulaka,KORAPUT(ST),Construction of CC Road at G. Budubali of Budubali GP under Chandrapur Block,22-Nov-2024,2026-01-13,300000.0,Work partially Completed,WS/MP453/2025-2026/153905,,,,,300000.0,1.0,2026-07-29,0,1.0,,238.0,0,1,1,0,0.21553066222003914,Detected by Isolation Forest pattern analysis
9950,Normal/Others,WS/MP453/2025-2026/153906-Construction of culverts and bridges,Odisha,RAYAGADA(DISTRICT COLLECTOR RAYAGADA_IDA),Saptagiri Sankar Ulaka,KORAPUT(ST),Construction of Culvert at Muliaguda of Hanumantpur GP under Chandrapur Block,22-Nov-2024,2026-01-13,200000.0,Physical Inspection,WS/MP453/2025-2026/153906,,,2026-03-24,200000.0,200000.0,1.0,2026-03-24,1,1.0,,238.0,0,0,1,0,0.21553066222003914,Detected by Isolation Forest pattern analysis
9952,Normal/Others,"WS/MP453/2025-2026/153908-Construction of roads, link roads, pathways or any other road with or without drainage system",Odisha,RAYAGADA(DISTRICT COLLECTOR RAYAGADA_IDA),Saptagiri Sankar Ulaka,KORAPUT(ST),Construction of CC Road at Dangasarada of Dangasarada GP under Chandrapur Block,22-Nov-2024,2026-01-13,200000.0,Work Completed,WS/MP453/2025-2026/153908,,,2026-03-24,200000.0,200000.0,1.0,2026-05-05,1,1.0,,238.0,0,0,1,0,0.21553066222003914,Detected by Isolation Forest pattern analysis
9954,Normal/Others,"WS/MP453/2025-2026/153915-Construction of roads, link roads, pathways or any other road with or without drainage system",Odisha,RAYAGADA(DISTRICT COLLECTOR RAYAGADA_IDA),Saptagiri Sankar Ulaka,KORAPUT(ST),Construction of CC Road at Gerengaguda Nuasahi of Sarikima GP,22-Nov-2024,2026-01-13,200000.0,Work Completed,WS/MP453/2025-2026/153915,,,2026-03-16,200000.0,200000.0,1.0,2026-03-23,1,1.0,,238.0,0,0,1,0,0.21553066222003914,Detected by Isolation Forest pattern analysis
9956,Normal/Others,"WS/MP761/2025-2026/153917-Construction of roads, link roads, pathways or any other road with or without drainage system",Telangana,Jagitial(DISTRICT COLLECTOR JAGTIAL_IDA),Arvind Dharmapuri,NIZAMABAD,Laying of CC road from Ramchandram (H) to Ruksana Narsing Home,22-Nov-2024,2026-02-06,495000.0,Work Completed,WS/MP761/2025-2026/153917,,,2026-02-07,427239.0,427239.0,1.0,2026-02-07,1,0.8631090909090909,,214.0,0,0,1,0,0.14619473575174025,Detected by Isolation Forest pattern analysis
9964,Normal/Others,WS/MP761/2026-2027/153936-Construction of community centers and community halls,Telangana,Jagitial(DISTRICT COLLECTOR JAGTIAL_IDA),Arvind Dharmapuri,NIZAMABAD,Construction of community hall in Padmashali Wada,22-Nov-2024,2026-04-15,400000.0,Work Completed,WS/MP761/2026-2027/153936,,,2026-04-15,357627.0,357627.0,1.0,2026-04-15,1,0.8940675,,146.0,0,0,1,0,0.12329294595607104,Detected by Isolation Forest pattern analysis
9982,Normal/Others,WS/MP761/2025-2026/153961-Construction of community centers and community halls,Telangana,Jagitial(DISTRICT COLLECTOR JAGTIAL_IDA),Arvind Dharmapuri,NIZAMABAD,Construction of Community hall in Arekatika wada,22-Nov-2024,2026-01-22,300000.0,Work Completed,WS/MP761/2025-2026/153961,,,2026-02-02,266899.0,266899.0,1.0,2026-02-02,1,0.8896633333333334,,229.0,0,0,1,0,0.16124167728069194,Detected by Isolation Forest pattern analysis
9985,Normal/Others,WS/MP761/2025-2026/153965-Construction of community centers and community halls,Telangana,Jagitial(DISTRICT COLLECTOR JAGTIAL_IDA),Arvind Dharmapuri,NIZAMABAD,Construction of Community hall in Vishwakarma Manumaya wada in Sairam Colony,22-Nov-2024,2026-01-03,300000.0,Work Completed,WS/MP761/2025-2026/153965,,,2026-01-07,299919.0,299919.0,1.0,2026-01-07,1,0.99973,,248.0,0,0,1,0,0.20809024518293773,Detected by Isolation Forest pattern analysis
9992,Normal/Others,WS/MP453/2024-2025/153974-Construction of community centers and community halls,Odisha,KORAPUT(District Collector Koraput_IDA),Saptagiri Sankar Ulaka,KORAPUT(ST),"Construction of Community Hall at Tala Mangara, Kendar GP, Koraput Block",22-Nov-2024,2025-03-05,300000.0,Work partially Completed,WS/MP453/2024-2025/153974,,,,,300000.0,1.0,2026-07-21,0,1.0,,552.0,0,1,1,0,0.23097150093418262,Detected by Isolation Forest pattern analysis
9997,Normal/Others,WS/MP761/2025-2026/153980-Construction of common work sheds/ common covered sitting area,Telangana,Jagitial(DISTRICT COLLECTOR JAGTIAL_IDA),Arvind Dharmapuri,NIZAMABAD,"Construction of Tin shed near Hanuman mandir,Rathnapur",22-Nov-2024,2026-01-03,350000.0,Work Completed,WS/MP761/2025-2026/153980,,,2026-01-19,312923.0,312923.0,1.0,2026-01-20,1,0.8940657142857142,,248.0,0,0,1,0,0.16166654063984348,Detected by Isolation Forest pattern analysis
9999,Normal/Others,WS/MP761/2025-2026/153983-Construction of community centers and community halls,Telangana,Jagitial(DISTRICT COLLECTOR JAGTIAL_IDA),Arvind Dharmapuri,NIZAMABAD,"Construction of Community hall near Shalivahana Kummari Sangham, Ailapur",22-Nov-2024,2026-01-22,250000.0,Work Completed,WS/MP761/2025-2026/153983,,,2026-02-02,222534.0,222534.0,1.0,2026-02-02,1,0.890136,,229.0,0,0,1,0,0.16214486268157846,Detected by Isolation Forest pattern analysis
